{
  "Translations": {
    "Death Messages": [
      {
        "KillerType": "Player",
        "VictimType": "Player",
        "DamageType": "Bullet",
        "Messages": [
          "{killer} shot {victim} using their {weapon} over a distance of {distance}."
        ]
      },
      {
        "KillerType": "Player",
        "VictimType": "Player",
        "DamageType": "Arrow",
        "Messages": [
          "{victim} was shot by {killer} with their {weapon} over a distance of {distance}."
        ]
      },
      {
        "KillerType": "Player",
        "VictimType": "Player",
        "DamageType": "Heat",
        "Messages": [
          "{killer} inflamed {victim} with their {weapon}."
        ]
      },
      {
        "KillerType": "Player",
        "VictimType": "Player",
        "DamageType": "*",
        "Messages": [
          "{killer} killed {victim} using their {weapon}."
        ]
      },
      {
        "KillerType": "Player",
        "VictimType": "Player",
        "DamageType": "Slash",
        "Messages": [
          "{killer} slashed {victim} into pieces with their {weapon}."
        ]
      },
      {
        "KillerType": "Player",
        "VictimType": "Animal",
        "DamageType": "*",
        "Messages": [
          "{killer} killed a {victim} using their {weapon}."
        ]
      },
      {
        "KillerType": "Player",
        "VictimType": "Animal",
        "DamageType": "Bullet",
        "Messages": [
          "{killer} shot a {victim} using their {weapon} over a distance of {distance}."
        ]
      },
      {
        "KillerType": "Player",
        "VictimType": "Animal",
        "DamageType": "Arrow",
        "Messages": [
          "{killer} shot a {victim} using their {weapon} over a distance of {distance}."
        ]
      },
      {
        "KillerType": "Player",
        "VictimType": "Murderer",
        "DamageType": "*",
        "Messages": [
          "{killer} fought off a {victim}."
        ]
      },
      {
        "KillerType": "Player",
        "VictimType": "Scarecrow",
        "DamageType": "*",
        "Messages": [
          "{killer} fought off a {victim}."
        ]
      },
      {
        "KillerType": "Player",
        "VictimType": "Scientist",
        "DamageType": "*",
        "Messages": [
          "{killer} did not want to be a part of the {victim}'s experiments."
        ]
      },
      {
        "KillerType": "Player",
        "VictimType": "Bradley",
        "DamageType": "*",
        "Messages": [
          "{killer} blew up the {victim} with their {weapon}."
        ]
      },
      {
        "KillerType": "*",
        "VictimType": "Helicopter",
        "DamageType": "*",
        "Messages": [
          "The {victim} was finally shot down."
        ]
      },
      {
        "KillerType": "Animal",
        "VictimType": "Player",
        "DamageType": "*",
        "Messages": [
          "{victim} couldn't run away from the {killer}."
        ]
      },
      {
        "KillerType": "Bradley",
        "VictimType": "Player",
        "DamageType": "*",
        "Messages": [
          "{victim} was shredded by the {killer}."
        ]
      },
      {
        "KillerType": "Helicopter",
        "VictimType": "Player",
        "DamageType": "*",
        "Messages": [
          "{victim} had no chance against the {killer}."
        ]
      },
      {
        "KillerType": "Trap",
        "VictimType": "Player",
        "DamageType": "*",
        "Messages": [
          "{victim} was uncautious and ran into a {killer}."
        ]
      },
      {
        "KillerType": "Barricade",
        "VictimType": "Player",
        "DamageType": "*",
        "Messages": [
          "{victim} was impaled by a {killer}."
        ]
      },
      {
        "KillerType": "Turret",
        "VictimType": "Player",
        "DamageType": "*",
        "Messages": [
          "{owner}'s {killer} did its job, killing {victim}."
        ]
      },
      {
        "KillerType": "Murderer",
        "VictimType": "Player",
        "DamageType": "*",
        "Messages": [
          "A {killer} haunted down {victim}."
        ]
      },
      {
        "KillerType": "Scarecrow",
        "VictimType": "Player",
        "DamageType": "*",
        "Messages": [
          "A {killer} haunted down {victim}."
        ]
      },
      {
        "KillerType": "Scientist",
        "VictimType": "Player",
        "DamageType": "*",
        "Messages": [
          "A {killer} shot down {victim}."
        ]
      },
      {
        "KillerType": "ScientistSentry",
        "VictimType": "Player",
        "DamageType": "*",
        "Messages": [
          "{victim} did not did not follow the rules in a safezone and was killed by a {killer}."
        ]
      },
      {
        "KillerType": "-",
        "VictimType": "Player",
        "DamageType": "Fall",
        "Messages": [
          "{victim} fell to their death."
        ]
      },
      {
        "KillerType": "Player",
        "VictimType": "Player",
        "DamageType": "Suicide",
        "Messages": [
          "{victim} had enough of life."
        ]
      },
      {
        "KillerType": "HeatSource",
        "VictimType": "Player",
        "DamageType": "*",
        "Messages": [
          "{victim} was grilled on a {killer}."
        ]
      },
      {
        "KillerType": "Lock",
        "VictimType": "Player",
        "DamageType": "*",
        "Messages": [
          "{victim} was electrecuted by {owner}'s {killer}."
        ]
      },
      {
        "KillerType": "*",
        "VictimType": "Player",
        "DamageType": "Heat",
        "Messages": [
          "{victim} burned to death."
        ]
      },
      {
        "KillerType": "*",
        "VictimType": "Player",
        "DamageType": "Radiation",
        "Messages": [
          "{victim} became just a touch too radioactive."
        ]
      },
      {
        "KillerType": "*",
        "VictimType": "Player",
        "DamageType": "Cold",
        "Messages": [
          "{victim} turned into an ice statue."
        ]
      },
      {
        "KillerType": "*",
        "VictimType": "Player",
        "DamageType": "Drowned",
        "Messages": [
          "As {victim} just found out, breathing underwater is rather difficult."
        ]
      },
      {
        "KillerType": "Player",
        "VictimType": "Player",
        "DamageType": "Bleeding",
        "Messages": [
          "{victim} bled out after being attacked by {killer}."
        ]
      }
    ],
    "Names": {
      "Scientist": "Scientist",
      "Bradley APC": "Bradley APC",
      "Helicopter": "Helicopter",
      "Boar": "Boar",
      "Bear": "Bear",
      "Wolf": "Wolf",
      "Stag": "Stag",
      "Chicken": "Chicken",
      "Barricade": "Barricade",
      "megan": "megan",
      "cherryl": "cherryl",
      "merry": "merry",
      "rosetta": "rosetta",
      "julissa": "julissa",
      "traci": "traci",
      "celena": "celena",
      "melani": "melani",
      "ayako": "ayako",
      "wanetta": "wanetta",
      "exie": "exie",
      "briana": "briana",
      "carmella": "carmella",
      "ernesto": "ernesto",
      "margie": "margie",
      "porfirio": "porfirio",
      "sherlyn": "sherlyn",
      "gertrud": "gertrud",
      "marivel": "marivel",
      "florence": "florence",
      "keitha": "keitha",
      "mose": "mose",
      "earlean": "earlean",
      "chere": "chere",
      "charity": "charity",
      "marlen": "marlen",
      "theresa": "theresa",
      "georgianne": "georgianne",
      "patrina": "patrina",
      "marla": "marla",
      "dannie": "dannie",
      "tennille": "tennille",
      "lisabeth": "lisabeth",
      "trevor": "trevor",
      "ester": "ester",
      "berniece": "berniece",
      "raymonde": "raymonde",
      "susana": "susana",
      "celestine": "celestine",
      "eustolia": "eustolia",
      "shawanna": "shawanna",
      "thanh": "thanh",
      "scotty": "scotty",
      "Gun Trap": "Gun Trap",
      "Fire": "Fire",
      "Auto Turret": "Auto Turret"
    },
    "Bodyparts": {
      "Leg": "Leg",
      "Stomach": "Stomach",
      "Chest": "Chest",
      "Head": "Head",
      "Hand": "Hand",
      "Arm": "Arm",
      "Body": "Body",
      "Foot": "Foot"
    },
    "Weapons": {
      "Assault Rifle": "Assault Rifle",
      "Timed Explosive Charge": "Timed Explosive Charge",
      "L96 Rifle": "L96 Rifle",
      "40mm_grenade_he": "40mm_grenade_he",
      "Hunting Bow": "Hunting Bow",
      "Thompson": "Thompson",
      "Multiple Grenade Launcher": "Multiple Grenade Launcher",
      "Flame Thrower": "Flame Thrower",
      "Chainsaw": "Chainsaw",
      "Stone Pickaxe": "Stone Pickaxe",
      "M39 Rifle": "M39 Rifle",
      "MP5A4": "MP5A4",
      "Stone Spear": "Stone Spear",
      "Stone Hatchet": "Stone Hatchet",
      "Spas-12 Shotgun": "Spas-12 Shotgun",
      "Pump Shotgun": "Pump Shotgun",
      "Rocket": "Rocket",
      "LR-300 Assault Rifle": "LR-300 Assault Rifle",
      "Bolt Action Rifle": "Bolt Action Rifle",
      "Longsword": "Longsword",
      "Salvaged Hammer": "Salvaged Hammer",
      "Double Barrel Shotgun": "Double Barrel Shotgun",
      "Mace": "Mace",
      "Custom SMG": "Custom SMG",
      "Wooden Spear": "Wooden Spear",
      "Semi-Automatic Rifle": "Semi-Automatic Rifle",
      "Salvaged Cleaver": "Salvaged Cleaver",
      "Bone Knife": "Bone Knife",
      "M249": "M249",
      "Hatchet": "Hatchet",
      "Pickaxe": "Pickaxe",
      "Jackhammer": "Jackhammer",
      "High Velocity Rocket": "High Velocity Rocket",
      "Salvaged Icepick": "Salvaged Icepick",
      "Combat Knife": "Combat Knife",
      "Waterpipe Shotgun": "Waterpipe Shotgun",
      "F1 Grenade": "F1 Grenade",
      "Rock": "Rock",
      "Machete": "Machete",
      "Salvaged Sword": "Salvaged Sword",
      "Crossbow": "Crossbow",
      "Satchel Charge": "Satchel Charge",
      "Semi-Automatic Pistol": "Semi-Automatic Pistol",
      "Python Revolver": "Python Revolver"
    },
    "Attachments": {
      "16x Zoom Scope": "16x Zoom Scope",
      "Holosight": "Holosight",
      "Weapon flashlight": "Weapon flashlight",
      "Weapon Lasersight": "Weapon Lasersight",
      "8x Zoom Scope": "8x Zoom Scope",
      "Silencer": "Silencer",
      "Simple Handmade Sight": "Simple Handmade Sight",
      "Muzzle Boost": "Muzzle Boost",
      "Muzzle Brake": "Muzzle Brake"
    }
  },
  "Variable Formats": {
    "attachments": " ({value})"
  },
  "Variable Colors": {
    "killer": "#C4FF00",
    "victim": "#C4FF00",
    "weapon": "#C4FF00",
    "attachments": "#C4FF00",
    "distance": "#C4FF00",
    "owner": "#C4FF00"
  },
  "Chat Format": "<color=#838383>[<color=#80D000>DeathNotes</color>] {message}</color>",
  "Chat Icon (SteamID)": "76561198077847390",
  "Show Kills in Console": true,
  "Show Kills in Chat": true,
  "Message Broadcast Radius (in meters)": -1,
  "Use Metric Distance": true,
  "Require Permission (deathnotes.cansee)": false
}