{
  "Discord API Key": "ODA5MjQ4NDUzNTI3NjAxMTY1.YCSVWg.mz1u_TpHBeyIWRqRRJy8pZrdEbg",
  "Enable Discord Extension Debugging": false,
  "Bot Guild ID (Can be left blank if bot in only 1 guild)": "",
  "Discord Join Code": "",
  "Discord Server Name Override": "",
  "Enable Commands In Bot Channel": true,
  "Bot Channel Name or Id": "ButtNaked!Bot",
  "Link / Unlink Announcement Channel Name or Id": "",
  "In Game Chat Command": "dc",
  "In Game Join Command": "join",
  "In Game Leave Command": "leave",
  "Discord Bot Join Command": "join",
  "Discord Bot Plugins Command": "plugins",
  "Discord Bot Help Command": "help",
  "Discord Bot Leave Command": "leave",
  "Discord Bot Commands Command": "commands",
  "Enable Discord Server Join Notification": true,
  "Enable Linking Discord To Rust": true,
  "Use DiscordAuth": false,
  "Use DiscordConnect": false,
  "Use External Hooks": false,
  "Discord Linking Code Characters": "0123456789",
  "Discord Linking Code Length": 6,
  "Time until heartbeat is considered to have timed out.": 120,
  "Enable join command not being used in DM message (Non Bot Channel)": true,
  "Enable join command not being used in DM message (Bot Channel)": true
}