{
  "Notifications (true/false)": {
    "Chat Notifications": true,
    "Popup Notifications": false
  },
  "Discord Messages": {
    "Enabled (true/false)": false,
    "Webhook URL": "https://discord.com/api/webhooks/809631727923888148/FV0HwCM5igCoOHtYAmLVdIg5q7XUFsXV2uMfoUX2ckXhRSTT_5_kVpLlYd_ZqX577HsW"
  },
  "Chat Icon": {
    "Steam ID": 0
  },
  "Alerts (true/false)": {
    "Bradley APC Alerts": true,
    "Cargo Plane Alerts": true,
    "Cargo Ship Alerts": true,
    "CH47 Chinook Alerts": true,
    "Excavator Alerts": true,
    "Hackable Crate Alerts": false,
    "Patrol Helicopter Alerts": true,
    "Player Hacking Crate Alerts": false,
    "Player Supply Signal Alerts": false,
    "Supply Drop Alerts": true,
    "Supply Drop Landed Alerts": false
  },
  "Grid (true/false)": {
    "Show Grid": true,
    "Show Grid - Destination": false,
    "Show Oil Rig / Cargo Ship Labels": false
  },
  "Coordinates (true/false)": {
    "Show Coordinates": false,
    "Show Coordinates - Destination": false
  },
  "Misc (true/false)": {
    "Hide Cargo Ship Crate Messages": false,
    "Hide Oil Rig Crate Messages": false,
    "Log To Console": false,
    "Log To File": false
  }
}