{
  "Time before the loot containers are empties (seconds)": 30.0,
  "Empty the entire junkpile when automatically empty loot": false,
  "Empty the nearby loot when emptying junkpile": false,
  "Time before the junkpile are empties (seconds)": 150.0,
  "Slaps players who don't empty containers": false,
  "Remove instead bouncing": false,
  "Chat prefix": "[LootBouncer]:",
  "Chat prefix color": "#00FFFF",
  "Chat steamID icon": 0,
  "Loot container settings": {
    "loot-barrel-1": true,
    "loot-barrel-2": true,
    "trash-pile-1": true,
    "crate_basic": true,
    "crate_elite": true,
    "crate_mine": true,
    "crate_normal": true,
    "crate_normal_2": true,
    "crate_normal_2_food": true,
    "crate_normal_2_medical": true,
    "crate_tools": true,
    "crate_underwater_advanced": true,
    "crate_underwater_basic": true,
    "dm ammo": true,
    "dm c4": true,
    "dm construction resources": true,
    "dm construction tools": true,
    "dm food": true,
    "dm medical": true,
    "dm res": true,
    "dm tier1 lootbox": true,
    "dm tier2 lootbox": true,
    "dm tier3 lootbox": true,
    "foodbox": true,
    "loot_barrel_1": true,
    "loot_barrel_2": true,
    "loot_component_test": true,
    "loot_trash": true,
    "minecart": true,
    "oil_barrel": true,
    "vehicle_parts": true,
    "roadsign1": true,
    "roadsign2": true,
    "roadsign3": true,
    "roadsign4": true,
    "roadsign5": true,
    "roadsign6": true,
    "roadsign7": true,
    "roadsign8": true,
    "roadsign9": true,
    "codelockedhackablecrate": true,
    "codelockedhackablecrate_oilrig": true,
    "supply_drop": true,
    "giftbox_loot": true,
    "presentdrop": true,
    "stocking_large_deployed": false,
    "stocking_small_deployed": false,
    "bradley_crate": true,
    "heli_crate": true,
    "diesel_barrel_world": true,
    "visualshelvestest": true
  }
}