{
  "Settings": {
    "Chat Command Color": "#FFFF00",
    "Chat Command Argument Color": "#FFA500",
    "Interrupt TP": {
      "Above Water": true,
      "Balloon": true,
      "Boats": false,
      "Cargo Ship": true,
      "Cold": false,
      "Excavator": false,
      "Hot": false,
      "Hostile": false,
      "Hurt": true,
      "Lift": true,
      "Monument": false,
      "Ignore Monument Marker Prefab": false,
      "Mounted": true,
      "Oil Rig": false,
      "Safe Zone": false,
      "Swimming": false
    },
    "Block Teleport (NoEscape)": false,
    "Block Teleport (ZoneManager)": false,
    "Chat Name": "<color=red>Teleportation</color> \n\n",
    "Chat Steam64ID": 76561199056025700,
    "Check Boundaries On Teleport X Y Z": true,
    "Draw Sphere On Set Home": true,
    "Homes Enabled": true,
    "TPR Enabled": true,
    "Strict Foundation Check": false,
    "Cave Distance Small": 50.0,
    "Cave Distance Medium": 70.0,
    "Cave Distance Large": 110.0,
    "Default Monument Size": 50.0,
    "Minimum Temp": 0.0,
    "Maximum Temp": 40.0,
    "Blocked Items": {},
    "Bypass CMD": "pay",
    "Use Monument Topology Check": false,
    "Use Cave Topology Check": false,
    "Use Economics": false,
    "Use Server Rewards": false,
    "Wipe On Upgrade Or Change": true,
    "Auto Generate Outpost Location": true,
    "Auto Generate Bandit Location": true,
    "Show Time As Seconds Instead": false
  },
  "Admin": {
    "Announce Teleport To Target": false,
    "Usable By Admins": true,
    "Usable By Moderators": true,
    "Location Radius": 25,
    "Teleport Near Default Distance": 30
  },
  "Home": {
    "Homes Limit": 10,
    "VIP Homes Limits": {
      "nteleportation.vip": 5
    },
    "Allow Sethome At Specific Monuments": [
      "HQM Quarry",
      "Stone Quarry",
      "Sulfur Quarry"
    ],
    "Allow Sethome At All Monuments": false,
    "Allow TPB": true,
    "Cooldown": 0,
    "Countdown": 0,
    "Daily Limit": 100,
    "VIP Daily Limits": {
      "nteleportation.vip": 5
    },
    "VIP Cooldowns": {
      "nteleportation.vip": 5
    },
    "VIP Countdowns": {
      "nteleportation.vip": 5
    },
    "Location Radius": 25,
    "Force On Top Of Foundation": true,
    "Check Foundation For Owner": true,
    "Use Friends": true,
    "Use Clans": true,
    "Use Teams": true,
    "Usable Out Of Building Blocked": false,
    "Usable Into Building Blocked": false,
    "Usable From Safe Zone Only": false,
    "Allow Cupboard Owner When Building Blocked": true,
    "Allow Iceberg": false,
    "Allow Cave": false,
    "Allow Crafting": false,
    "Allow Above Foundation": true,
    "Check If Home Is Valid On Listhomes": false,
    "Pay": 0,
    "Bypass": 0
  },
  "TPT": {
    "Use Friends": false,
    "Use Clans": false,
    "Use Teams": false,
    "Allow Cave": false
  },
  "TPR": {
    "Require Player To Be Friend, Clan Mate, Or Team Mate": false,
    "Allow Cave": false,
    "Allow TPB": true,
    "Cooldown": 0,
    "Countdown": 10,
    "Daily Limit": 100,
    "VIP Daily Limits": {
      "nteleportation.vip": 5
    },
    "VIP Cooldowns": {
      "nteleportation.vip": 5
    },
    "VIP Countdowns": {
      "nteleportation.vip": 5
    },
    "Request Duration": 30,
    "Block TPA On Ceiling": true,
    "Usable Out Of Building Blocked": false,
    "Usable Into Building Blocked": false,
    "Allow Cupboard Owner When Building Blocked": true,
    "Allow Crafting": false,
    "Pay": 0,
    "Bypass": 0
  },
  "Dynamic Commands": {
    "Town": {
      "Command Enabled": true,
      "Allow TPB": true,
      "Allow Cave": false,
      "Cooldown": 0,
      "Countdown": 5,
      "Daily Limit": 100,
      "VIP Daily Limits": {
        "nteleportation.vip": 5
      },
      "VIP Cooldowns": {
        "nteleportation.vip": 5
      },
      "VIP Countdowns": {
        "nteleportation.vip": 5
      },
      "Location": "-40.96053 3.821645 637.417",
      "Locations": [
        "-40.96053 3.821645 637.417"
      ],
      "Teleport To Random Location": false,
      "Usable Out Of Building Blocked": false,
      "Allow Crafting": false,
      "Pay": 0,
      "Bypass": 0
    },
    "Island": {
      "Command Enabled": true,
      "Allow TPB": false,
      "Allow Cave": false,
      "Cooldown": 600,
      "Countdown": 15,
      "Daily Limit": 5,
      "VIP Daily Limits": {
        "nteleportation.vip": 5
      },
      "VIP Cooldowns": {
        "nteleportation.vip": 5
      },
      "VIP Countdowns": {
        "nteleportation.vip": 5
      },
      "Location": "0 0 0",
      "Locations": [],
      "Teleport To Random Location": true,
      "Usable Out Of Building Blocked": false,
      "Allow Crafting": false,
      "Pay": 0,
      "Bypass": 0
    },
    "Outpost": {
      "Command Enabled": true,
      "Allow TPB": true,
      "Allow Cave": false,
      "Cooldown": 0,
      "Countdown": 5,
      "Daily Limit": 100,
      "VIP Daily Limits": {
        "nteleportation.vip": 5
      },
      "VIP Cooldowns": {
        "nteleportation.vip": 5
      },
      "VIP Countdowns": {
        "nteleportation.vip": 5
      },
      "Location": "155.3095 20.87728 1099.177",
      "Locations": [
        "155.3095 20.87728 1099.177"
      ],
      "Teleport To Random Location": false,
      "Usable Out Of Building Blocked": false,
      "Allow Crafting": false,
      "Pay": 0,
      "Bypass": 0
    },
    "Bandit": {
      "Command Enabled": true,
      "Allow TPB": true,
      "Allow Cave": false,
      "Cooldown": 0,
      "Countdown": 5,
      "Daily Limit": 100,
      "VIP Daily Limits": {
        "nteleportation.vip": 5
      },
      "VIP Cooldowns": {
        "nteleportation.vip": 5
      },
      "VIP Countdowns": {
        "nteleportation.vip": 5
      },
      "Location": "-640.7305 17.58068 -246.6558",
      "Locations": [
        "-640.7305 17.58068 -246.6558"
      ],
      "Teleport To Random Location": false,
      "Usable Out Of Building Blocked": false,
      "Allow Crafting": false,
      "Pay": 0,
      "Bypass": 0
    }
  }
}