{
  "Use permissions": true,
  "Global settings": {
    "Allows admins to use Quick Sort without permission": true,
    "Default enabled": true,
    "Default UI style (center, lite, right, custom)": "right",
    "Loot all delay in seconds (0 to disable)": 0,
    "Enable/Disable loot all on the sleepers": false,
    "Default enabled container types": {
      "belt": false,
      "main": true,
      "wear": false
    },
    "Excluded containers": [
      "autoturret_deployed",
      "bandit_shopkeeper",
      "bigwheelbettingterminal",
      "dropbox.deployed",
      "flameturret.deployed",
      "guntrap.deployed",
      "npcvendingmachine",
      "npcvendingmachine",
      "npcvendingmachine_attire",
      "npcvendingmachine_building",
      "npcvendingmachine_building",
      "npcvendingmachine_building_hapis",
      "npcvendingmachine_buyres_hapis",
      "npcvendingmachine_components",
      "npcvendingmachine_food_hapis",
      "npcvendingmachine_hapis_hapis",
      "npcvendingmachine_resources",
      "npcvendingmachine_tools",
      "npcvendingmachine_weapons",
      "npcvendingmachine_weapons_hapis",
      "sam_site_turret_deployed",
      "sam_static",
      "scientist_turret_any",
      "scientist_turret_lr300",
      "shopkeeper_vm_invis",
      "shopkeeper_vm_invis",
      "vending_mapmarker",
      "vendingmachine.deployed",
      "wall.frame.shopfront",
      "wall.frame.shopfront.metal",
      "wall.frame.shopfront.metal.static"
    ],
    "Auto loot all enabled by default?": false
  },
  "Custom UI Settings": {
    "AnchorsMin": "0.5 1.0",
    "AnchorsMax": "0.5 1.0",
    "OffsetsMin": "192 -137",
    "OffsetsMax": "573 0",
    "Color": "0.5 0.5 0.5 0.33",
    "ButtonsColor": "0.75 0.43 0.18 0.8",
    "LootAllColor": "0.41 0.50 0.25 0.8",
    "TextColor": "0.77 0.92 0.67 0.8",
    "TextSize": 16,
    "CategoriesTextSize": 14
  },
  "Chat settings": {
    "Chat command": [
      "qs",
      "quicksort"
    ],
    "Chat prefix": "<color=#00FFFF>[Quick Sort]</color>: ",
    "Chat steamID icon": 0
  }
}