{
  "CustomLoggingKeywords": [],
  "FilterWords": [
    "Shit",
    "Fuck",
    "Cunt"
  ],
  "FilteredWord": "<censored>",
  "LogExcludeGroups": [
    "default"
  ],
  "LogExcludePerms": [
    "example.permission"
  ],
  "Apikey": "40913fd5e06e60df36df4fb12feafb8ef05628c7279791c1b89bb17d654c95a1",
  "AutoReloadPlugin": true,
  "AutoReloadTime": 901,
  "EnableBotStatus": false,
  "GameChatIconSteamID": 76561199066612103,
  "GameChatTag": "[Rustcord]",
  "GameChatTagColor": "#7289DA",
  "GameChatNameColor": "#55aaff",
  "GameChatTextColor": "#ffffff",
  "LogChat": true,
  "LogJoinQuits": true,
  "LogDeaths": true,
  "LogVehicleSpawns": false,
  "LogCrateDrops": false,
  "LogUserGroups": true,
  "LogPermissions": true,
  "LogKickBans": true,
  "LogNameChanges": true,
  "LogServerCommands": true,
  "LogServerMessages": true,
  "LogF7Reports": true,
  "LogTeams": true,
  "LogRCON": false,
  "LogPluginAdminHammer": false,
  "LogPluginAdminRadar": false,
  "LogPluginBetterChatMute": true,
  "LogPluginClans": true,
  "LogPluginDiscordAuth": true,
  "LogPluginPrivateMessages": true,
  "LogPluginRaidableBases": false,
  "LogPluginSignArtist": true,
  "LogPluginVanish": false,
  "EnableCustomLogging": false,
  "ReportCommand": "report",
  "Commandprefix": "!",
  "Channels": [
    {
      "Channelid": "server-logs",
      "perms": [
        "cmd_allow",
        "cmd_players",
        "cmd_kick",
        "cmd_com",
        "msg_join",
        "msg_quit",
        "msg_chat",
        "msg_teamchat",
        "death_pvp",
        "death_npc",
        "death_animal",
        "death_vehicle",
        "msg_serverinit"
      ]
    },
    {
      "Channelid": "admin",
      "perms": [
        "msg_joinlog"
      ]
    },
    {
      "Channelid": "reports",
      "perms": [
        "game_report"
      ]
    },
    {
      "Channelid": "bugs",
      "perms": [
        "game_bug"
      ]
    }
  ],
  "Commandroles": {
    "players": [],
    "kick": [
      "Admins",
      "Staff",
      "Mods"
    ],
    "mute": [
      "Admins",
      "Staff",
      "Mods"
    ],
    "unmute": [
      "Admins",
      "Staff",
      "Mods"
    ],
    "com": [
      "Admins",
      "Staff"
    ]
  }
}