{
  "settings": {
    "Tabs": [
      {
        "ButtonText": "<color=white> Welcome </color>",
        "HeaderText": "<color=white> Welcome </color>",
        "Pages": [
          {
            "TextLines": [
              "I'm glad you came to get <color=red> ButtNaked! </color>!",
              "",
              "If you are tired of building and being raided every day, then this is the place for you.",
              "",
              "We gather, build and raid NPC bases and will soon start Purge events the day before wipe.",
              "",
              "Type <color=red> /info </color> to open this window",
              "",
              "Check out our Discord at https://discord.gg/ACehSdapbq",
              "",
              "Enjoy your stay"
            ],
            "ImageSettings": []
          }
        ],
        "TabButtonAnchor": 4,
        "TabButtonFontSize": 16,
        "HeaderAnchor": 0,
        "HeaderFontSize": 32,
        "TextFontSize": 16,
        "TextAnchor": 3,
        "OxideGroup": ""
      },
      {
        "ButtonText": "<color=white> Rules </color>",
        "HeaderText": "<color=white> Rules </color>",
        "Pages": [
          {
            "TextLines": [
              "No raiding or killing players until Purge day (coming soon)",
              "",
              "No racist or hate speech in chat or on signs",
              "",
              "Don't take anything that is not yours.  Theives = insta and perma ban",
              "",
              "Lock your bases! You can also lock quarries, pump jacks, furnaces and refineries",
              "",
              "SAM sites may not be used until Purge day",
              "",
              "Turrets can be used inside bases/compounds ONLY if they cannot damage players passing by",
              "",
              "Do not go into player bases or compounds without permission."
            ],
            "ImageSettings": []
          }
        ],
        "TabButtonAnchor": 4,
        "TabButtonFontSize": 16,
        "HeaderAnchor": 0,
        "HeaderFontSize": 32,
        "TextFontSize": 16,
        "TextAnchor": 3,
        "OxideGroup": ""
      },
      {
        "ButtonText": "<color=white> Commands </color>",
        "HeaderText": "<color=white> Commands </color>",
        "Pages": [
          {
            "TextLines": [
              "<color=red> /backpack </color> to open your backpack",
              "<color=red> /ad </color> to enable / disable automatic doors",
              "<color=red> /buy </color> to buy a vehicle license",
              "<color=red> /home </color> setup or use home teleports",
              "<color=red> /recycler.craft </color> to make a personal recycler; use hammer to pick up",
              "<color=red> /remove </color> removes structures and deployables placed by you",
              "<color=red> /up # </color> upgrade structure to wood-1,stone-2,metal-3,armored-4",
              "<color=red> /tpr </color> request teleport to another player",
              "<color=red> /bandit /outpost /town </color> to teleport to Bandit or Outpost or Town",
              "<color=red> /ql </color> use this while holding a code lock to lock your quarry or refinery",
              "<color=red> /callheli </color> call a personal heli to fight - does not leave when you die!"
            ],
            "ImageSettings": []
          }
        ],
        "TabButtonAnchor": 4,
        "TabButtonFontSize": 16,
        "HeaderAnchor": 0,
        "HeaderFontSize": 32,
        "TextFontSize": 16,
        "TextAnchor": 3,
        "OxideGroup": ""
      }
    ],
    "ShowInfoOnPlayerInit": true,
    "ShowInfoOnlyOncePerRuntime": true,
    "TabToOpenByDefault": 0,
    "Position": {
      "MinX": 0.15,
      "MaxX": 0.9,
      "MinY": 0.2,
      "MaxY": 0.9
    },
    "BackgroundImage": {
      "Enabled": false,
      "Position": {
        "MinX": 0.0,
        "MaxX": 1.0,
        "MinY": 0.0,
        "MaxY": 1.0
      },
      "Url": "http://7-themes.com/data_images/out/35/6889756-black-backgrounds.jpg",
      "TransparencyInPercent": 100
    },
    "ActiveButtonColor": "#0255255255",
    "InactiveButtonColor": "#128128128255",
    "CloseButtonColor": "#128128128255",
    "NextPageButtonColor": "#128128128255",
    "PrevPageButtonColor": "#128128128255",
    "BackgroundColor": "#000255",
    "HelpButton": {
      "IsEnabled": false,
      "Text": "Help",
      "Position": {
        "MinX": 0.0,
        "MaxX": 0.05,
        "MinY": 0.1,
        "MaxY": 0.14
      },
      "Color": "#128128128255",
      "FontSize": 18
    },
    "UpgradedConfig": false
  }
}