{
  "RevertStackSizesToVanillaOnUnload": true,
  "AllowStackingItemsWithDurability": true,
  "PreventStackingDifferentSkins": false,
  "HidePrefixWithPluginNameInMessages": false,
  "DisableDupeFixAndLeaveWeaponMagsAlone": false,
  "GlobalStackMultiplier": 5.0,
  "CategoryStackMultipliers": {
    "Weapon": 50.0,
    "Construction": 50.0,
    "Items": 50.0,
    "Resources": 50.0,
    "Attire": 50.0,
    "Tool": 50.0,
    "Medical": 50.0,
    "Food": 50.0,
    "Ammunition": 50.0,
    "Traps": 50.0,
    "Misc": 50.0,
    "All": 50.0,
    "Common": 50.0,
    "Component": 50.0,
    "Search": 50.0,
    "Favourite": 50.0,
    "Electrical": 50.0,
    "Fun": 50.0
  },
  "IndividualItemStackMultipliers": {},
  "CategoryStackHardLimits": {
    "Weapon": 0,
    "Construction": 0,
    "Items": 0,
    "Resources": 0,
    "Attire": 0,
    "Tool": 0,
    "Medical": 0,
    "Food": 0,
    "Ammunition": 0,
    "Traps": 0,
    "Misc": 0,
    "All": 0,
    "Common": 0,
    "Component": 0,
    "Search": 0,
    "Favourite": 0,
    "Electrical": 0,
    "Fun": 0
  },
  "IndividualItemStackHardLimits": {
    "wood": 50000,
    "metal.fragments": 20000000,
    "scrap": 10000
  },
  "VersionNumber": {
    "Major": 3,
    "Minor": 4,
    "Patch": 3
  }
}