[
  {
    "shortname": "ammo.pistol",
    "amount": 40,
    "skin": 0,
    "amountMin": 40,
    "weight": 1.0
  },
  {
    "shortname": "ammo.pistol.fire",
    "amount": 40,
    "skin": 0,
    "amountMin": 40,
    "weight": 1.0
  },
  {
    "shortname": "ammo.pistol.hv",
    "amount": 40,
    "skin": 0,
    "amountMin": 40,
    "weight": 1.0
  },
  {
    "shortname": "ammo.rifle",
    "amount": 60,
    "skin": 0,
    "amountMin": 60,
    "weight": 1.0
  },
  {
    "shortname": "ammo.rifle.explosive",
    "amount": 60,
    "skin": 0,
    "amountMin": 60,
    "weight": 1.0
  },
  {
    "shortname": "ammo.rifle.hv",
    "amount": 60,
    "skin": 0,
    "amountMin": 60,
    "weight": 1.0
  },
  {
    "shortname": "ammo.rifle.incendiary",
    "amount": 60,
    "skin": 0,
    "amountMin": 60,
    "weight": 1.0
  },
  {
    "shortname": "ammo.shotgun",
    "amount": 24,
    "skin": 0,
    "amountMin": 24,
    "weight": 1.0
  },
  {
    "shortname": "ammo.shotgun.slug",
    "amount": 40,
    "skin": 0,
    "amountMin": 40,
    "weight": 1.0
  },
  {
    "shortname": "surveycharge",
    "amount": 20,
    "skin": 0,
    "amountMin": 20,
    "weight": 1.0
  },
  {
    "shortname": "metal.refined",
    "amount": 150,
    "skin": 0,
    "amountMin": 150,
    "weight": 1.0
  },
  {
    "shortname": "bucket.helmet",
    "amount": 1,
    "skin": 0,
    "amountMin": 1,
    "weight": 1.0
  },
  {
    "shortname": "cctv.camera",
    "amount": 1,
    "skin": 0,
    "amountMin": 1,
    "weight": 1.0
  },
  {
    "shortname": "coffeecan.helmet",
    "amount": 1,
    "skin": 0,
    "amountMin": 1,
    "weight": 1.0
  },
  {
    "shortname": "explosive.timed",
    "amount": 1,
    "skin": 0,
    "amountMin": 1,
    "weight": 1.0
  },
  {
    "shortname": "metal.facemask",
    "amount": 1,
    "skin": 0,
    "amountMin": 1,
    "weight": 1.0
  },
  {
    "shortname": "metal.plate.torso",
    "amount": 1,
    "skin": 0,
    "amountMin": 1,
    "weight": 1.0
  },
  {
    "shortname": "mining.quarry",
    "amount": 1,
    "skin": 0,
    "amountMin": 1,
    "weight": 1.0
  },
  {
    "shortname": "pistol.m92",
    "amount": 1,
    "skin": 0,
    "amountMin": 1,
    "weight": 1.0
  },
  {
    "shortname": "rifle.ak",
    "amount": 1,
    "skin": 0,
    "amountMin": 1,
    "weight": 1.0
  },
  {
    "shortname": "rifle.bolt",
    "amount": 1,
    "skin": 0,
    "amountMin": 1,
    "weight": 1.0
  },
  {
    "shortname": "rifle.lr300",
    "amount": 1,
    "skin": 0,
    "amountMin": 1,
    "weight": 1.0
  },
  {
    "shortname": "smg.2",
    "amount": 1,
    "skin": 0,
    "amountMin": 1,
    "weight": 1.0
  },
  {
    "shortname": "smg.mp5",
    "amount": 1,
    "skin": 0,
    "amountMin": 1,
    "weight": 1.0
  },
  {
    "shortname": "smg.thompson",
    "amount": 1,
    "skin": 0,
    "amountMin": 1,
    "weight": 1.0
  },
  {
    "shortname": "supply.signal",
    "amount": 1,
    "skin": 0,
    "amountMin": 1,
    "weight": 1.0
  },
  {
    "shortname": "targeting.computer",
    "amount": 1,
    "skin": 0,
    "amountMin": 1,
    "weight": 1.0
  }
]