[
  {
    "shortname": "bandage",
    "amount": 30,
    "skin": 0,
    "amountMin": 5,
    "weight": 1.0
  },
  {
    "shortname": "keycard_red",
    "amount": 1,
    "skin": 0,
    "amountMin": 1,
    "weight": 1.0
  },
  {
    "shortname": "ammo.shotgun",
    "amount": 250,
    "skin": 0,
    "amountMin": 25,
    "weight": 1.0
  },
  {
    "shortname": "ammo.shotgun.fire",
    "amount": 250,
    "skin": 0,
    "amountMin": 25,
    "weight": 1.0
  },
  {
    "shortname": "ammo.shotgun.slug",
    "amount": 100,
    "skin": 0,
    "amountMin": 25,
    "weight": 1.0
  },
  {
    "shortname": "weapon.mod.8x.scope",
    "amount": 1,
    "skin": 0,
    "amountMin": 1,
    "weight": 1.0
  },
  {
    "shortname": "ammo.rifle",
    "amount": 500,
    "skin": 0,
    "amountMin": 100,
    "weight": 1.0
  },
  {
    "shortname": "weapon.mod.small.scope",
    "amount": 1,
    "skin": 0,
    "amountMin": 1,
    "weight": 1.0
  },
  {
    "shortname": "electric.andswitch",
    "amount": 1,
    "skin": 0,
    "amountMin": 1,
    "weight": 1.0
  },
  {
    "shortname": "fat.animal",
    "amount": 1000,
    "skin": 0,
    "amountMin": 250,
    "weight": 1.0
  },
  {
    "shortname": "mask.bandana",
    "amount": 1,
    "skin": 0,
    "amountMin": 1,
    "weight": 1.0
  },
  {
    "shortname": "barricade.woodwire",
    "amount": 1,
    "skin": 0,
    "amountMin": 1,
    "weight": 1.0
  },
  {
    "shortname": "bbq",
    "amount": 1,
    "skin": 0,
    "amountMin": 1,
    "weight": 1.0
  },
  {
    "shortname": "horse.shoes.basic",
    "amount": 4,
    "skin": 0,
    "amountMin": 1,
    "weight": 1.0
  },
  {
    "shortname": "grenade.beancan",
    "amount": 30,
    "skin": 0,
    "amountMin": 5,
    "weight": 1.0
  },
  {
    "shortname": "bed",
    "amount": 2,
    "skin": 0,
    "amountMin": 1,
    "weight": 1.0
  },
  {
    "shortname": "electric.blocker",
    "amount": 1,
    "skin": 0,
    "amountMin": 1,
    "weight": 1.0
  },
  {
    "shortname": "blood",
    "amount": 500,
    "skin": 0,
    "amountMin": 1,
    "weight": 1.0
  },
  {
    "shortname": "keycard_blue",
    "amount": 3,
    "skin": 0,
    "amountMin": 1,
    "weight": 1.0
  },
  {
    "shortname": "bone.fragments",
    "amount": 5000,
    "skin": 0,
    "amountMin": 10,
    "weight": 1.0
  },
  {
    "shortname": "hat.boonie",
    "amount": 1,
    "skin": 0,
    "amountMin": 1,
    "weight": 1.0
  },
  {
    "shortname": "shoes.boots",
    "amount": 1,
    "skin": 0,
    "amountMin": 1,
    "weight": 1.0
  },
  {
    "shortname": "bucket.helmet",
    "amount": 1,
    "skin": 0,
    "amountMin": 1,
    "weight": 1.0
  },
  {
    "shortname": "knife.butcher",
    "amount": 1,
    "skin": 0,
    "amountMin": 1,
    "weight": 1.0
  },
  {
    "shortname": "cctv.camera",
    "amount": 3,
    "skin": 0,
    "amountMin": 1,
    "weight": 1.0
  },
  {
    "shortname": "wall.frame.fence",
    "amount": 5,
    "skin": 0,
    "amountMin": 1,
    "weight": 1.0
  },
  {
    "shortname": "wall.frame.fence.gate",
    "amount": 3,
    "skin": 0,
    "amountMin": 1,
    "weight": 1.0
  },
  {
    "shortname": "chainsaw",
    "amount": 1,
    "skin": 0,
    "amountMin": 1,
    "weight": 1.0
  },
  {
    "shortname": "charcoal",
    "amount": 15000,
    "skin": 0,
    "amountMin": 5000,
    "weight": 1.0
  },
  {
    "shortname": "arcade.machine.chippy",
    "amount": 1,
    "skin": 0,
    "amountMin": 1,
    "weight": 1.0
  },
  {
    "shortname": "cloth",
    "amount": 1500,
    "skin": 0,
    "amountMin": 500,
    "weight": 1.0
  },
  {
    "shortname": "coffeecan.helmet",
    "amount": 1,
    "skin": 0,
    "amountMin": 1,
    "weight": 1.0
  },
  {
    "shortname": "smg.2",
    "amount": 1,
    "skin": 0,
    "amountMin": 1,
    "weight": 1.0
  },
  {
    "shortname": "diving.fins",
    "amount": 1,
    "skin": 0,
    "amountMin": 1,
    "weight": 1.0
  },
  {
    "shortname": "diving.mask",
    "amount": 1,
    "skin": 0,
    "amountMin": 1,
    "weight": 1.0
  },
  {
    "shortname": "diving.tank",
    "amount": 1,
    "skin": 0,
    "amountMin": 1,
    "weight": 1.0
  },
  {
    "shortname": "door.closer",
    "amount": 1,
    "skin": 0,
    "amountMin": 1,
    "weight": 1.0
  },
  {
    "shortname": "electric.doorcontroller",
    "amount": 1,
    "skin": 0,
    "amountMin": 1,
    "weight": 1.0
  },
  {
    "shortname": "shotgun.double",
    "amount": 1,
    "skin": 0,
    "amountMin": 1,
    "weight": 1.0
  },
  {
    "shortname": "fuse",
    "amount": 3,
    "skin": 0,
    "amountMin": 1,
    "weight": 1.0
  },
  {
    "shortname": "electrical.branch",
    "amount": 1,
    "skin": 0,
    "amountMin": 1,
    "weight": 1.0
  },
  {
    "shortname": "propanetank",
    "amount": 10,
    "skin": 0,
    "amountMin": 1,
    "weight": 1.0
  },
  {
    "shortname": "ammo.rifle.explosive",
    "amount": 50,
    "skin": 0,
    "amountMin": 10,
    "weight": 1.0
  },
  {
    "shortname": "explosives",
    "amount": 75,
    "skin": 0,
    "amountMin": 5,
    "weight": 1.0
  },
  {
    "shortname": "grenade.f1",
    "amount": 35,
    "skin": 0,
    "amountMin": 5,
    "weight": 1.0
  },
  {
    "shortname": "flameturret",
    "amount": 1,
    "skin": 0,
    "amountMin": 1,
    "weight": 1.0
  },
  {
    "shortname": "fluid.splitter",
    "amount": 1,
    "skin": 0,
    "amountMin": 1,
    "weight": 1.0
  },
  {
    "shortname": "furnace",
    "amount": 1,
    "skin": 0,
    "amountMin": 1,
    "weight": 1.0
  },
  {
    "shortname": "gunpowder",
    "amount": 4000,
    "skin": 0,
    "amountMin": 1000,
    "weight": 1.0
  },
  {
    "shortname": "ammo.handmade.shell",
    "amount": 50,
    "skin": 0,
    "amountMin": 10,
    "weight": 1.0
  },
  {
    "shortname": "hatchet",
    "amount": 1,
    "skin": 0,
    "amountMin": 1,
    "weight": 1.0
  },
  {
    "shortname": "hazmatsuit",
    "amount": 1,
    "skin": 0,
    "amountMin": 1,
    "weight": 1.0
  },
  {
    "shortname": "electric.hbhfsensor",
    "amount": 1,
    "skin": 0,
    "amountMin": 1,
    "weight": 1.0
  },
  {
    "shortname": "gates.external.high.stone",
    "amount": 1,
    "skin": 0,
    "amountMin": 1,
    "weight": 1.0
  },
  {
    "shortname": "wall.external.high.stone",
    "amount": 1,
    "skin": 0,
    "amountMin": 1,
    "weight": 1.0
  },
  {
    "shortname": "metal.refined",
    "amount": 750,
    "skin": 0,
    "amountMin": 250,
    "weight": 1.0
  },
  {
    "shortname": "hq.metal.ore",
    "amount": 750,
    "skin": 0,
    "amountMin": 250,
    "weight": 1.0
  },
  {
    "shortname": "weapon.mod.holosight",
    "amount": 1,
    "skin": 0,
    "amountMin": 1,
    "weight": 1.0
  },
  {
    "shortname": "ammo.rifle.hv",
    "amount": 250,
    "skin": 0,
    "amountMin": 50,
    "weight": 1.0
  },
  {
    "shortname": "ammo.rifle.incendiary",
    "amount": 250,
    "skin": 0,
    "amountMin": 50,
    "weight": 1.0
  },
  {
    "shortname": "jacket",
    "amount": 1,
    "skin": 0,
    "amountMin": 1,
    "weight": 1.0
  },
  {
    "shortname": "jackhammer",
    "amount": 1,
    "skin": 0,
    "amountMin": 1,
    "weight": 1.0
  },
  {
    "shortname": "floor.ladder.hatch",
    "amount": 1,
    "skin": 0,
    "amountMin": 1,
    "weight": 1.0
  },
  {
    "shortname": "furnace.large",
    "amount": 1,
    "skin": 0,
    "amountMin": 1,
    "weight": 1.0
  },
  {
    "shortname": "largemedkit",
    "amount": 15,
    "skin": 0,
    "amountMin": 2,
    "weight": 1.0
  },
  {
    "shortname": "electric.battery.rechargable.large",
    "amount": 1,
    "skin": 0,
    "amountMin": 1,
    "weight": 1.0
  },
  {
    "shortname": "electric.solarpanel.large",
    "amount": 2,
    "skin": 0,
    "amountMin": 1,
    "weight": 1.0
  },
  {
    "shortname": "burlap.gloves",
    "amount": 1,
    "skin": 0,
    "amountMin": 1,
    "weight": 1.0
  },
  {
    "shortname": "lowgradefuel",
    "amount": 3000,
    "skin": 0,
    "amountMin": 500,
    "weight": 1.0
  },
  {
    "shortname": "pistol.m92",
    "amount": 1,
    "skin": 0,
    "amountMin": 1,
    "weight": 1.0
  },
  {
    "shortname": "syringe.medical",
    "amount": 35,
    "skin": 0,
    "amountMin": 15,
    "weight": 1.0
  },
  {
    "shortname": "metal.fragments",
    "amount": 15000,
    "skin": 0,
    "amountMin": 10000,
    "weight": 1.0
  },
  {
    "shortname": "metal.ore",
    "amount": 15000,
    "skin": 0,
    "amountMin": 10000,
    "weight": 1.0
  },
  {
    "shortname": "metalpipe",
    "amount": 10,
    "skin": 0,
    "amountMin": 5,
    "weight": 1.0
  },
  {
    "shortname": "metalspring",
    "amount": 10,
    "skin": 0,
    "amountMin": 5,
    "weight": 1.0
  },
  {
    "shortname": "smg.mp5",
    "amount": 1,
    "skin": 0,
    "amountMin": 1,
    "weight": 1.0
  },
  {
    "shortname": "mushroom",
    "amount": 40,
    "skin": 0,
    "amountMin": 10,
    "weight": 1.0
  },
  {
    "shortname": "weapon.mod.muzzleboost",
    "amount": 1,
    "skin": 0,
    "amountMin": 1,
    "weight": 1.0
  },
  {
    "shortname": "weapon.mod.muzzlebrake",
    "amount": 1,
    "skin": 0,
    "amountMin": 1,
    "weight": 1.0
  },
  {
    "shortname": "paper",
    "amount": 7,
    "skin": 0,
    "amountMin": 1,
    "weight": 1.0
  },
  {
    "shortname": "pickaxe",
    "amount": 1,
    "skin": 0,
    "amountMin": 1,
    "weight": 1.0
  },
  {
    "shortname": "ammo.pistol",
    "amount": 200,
    "skin": 0,
    "amountMin": 10,
    "weight": 1.0
  },
  {
    "shortname": "shotgun.pump",
    "amount": 1,
    "skin": 0,
    "amountMin": 1,
    "weight": 1.0
  },
  {
    "shortname": "pumpkin",
    "amount": 50,
    "skin": 0,
    "amountMin": 5,
    "weight": 1.0
  },
  {
    "shortname": "pistol.python",
    "amount": 1,
    "skin": 0,
    "amountMin": 1,
    "weight": 1.0
  },
  {
    "shortname": "research.table",
    "amount": 1,
    "skin": 0,
    "amountMin": 1,
    "weight": 1.0
  },
  {
    "shortname": "pistol.revolver",
    "amount": 1,
    "skin": 0,
    "amountMin": 1,
    "weight": 1.0
  },
  {
    "shortname": "riflebody",
    "amount": 1,
    "skin": 0,
    "amountMin": 1,
    "weight": 1.0
  },
  {
    "shortname": "riot.helmet",
    "amount": 1,
    "skin": 0,
    "amountMin": 1,
    "weight": 1.0
  },
  {
    "shortname": "roadsign.kilt",
    "amount": 1,
    "skin": 0,
    "amountMin": 1,
    "weight": 1.0
  },
  {
    "shortname": "roadsigns",
    "amount": 10,
    "skin": 0,
    "amountMin": 1,
    "weight": 1.0
  },
  {
    "shortname": "horse.armor.roadsign",
    "amount": 1,
    "skin": 0,
    "amountMin": 1,
    "weight": 1.0
  },
  {
    "shortname": "rope",
    "amount": 20,
    "skin": 0,
    "amountMin": 5,
    "weight": 1.0
  },
  {
    "shortname": "shelves",
    "amount": 2,
    "skin": 0,
    "amountMin": 1,
    "weight": 1.0
  },
  {
    "shortname": "explosive.satchel",
    "amount": 20,
    "skin": 0,
    "amountMin": 2,
    "weight": 1.0
  },
  {
    "shortname": "scrap",
    "amount": 4000,
    "skin": 0,
    "amountMin": 250,
    "weight": 1.0
  },
  {
    "shortname": "searchlight",
    "amount": 1,
    "skin": 0,
    "amountMin": 1,
    "weight": 1.0
  },
  {
    "shortname": "semibody",
    "amount": 4,
    "skin": 0,
    "amountMin": 1,
    "weight": 1.0
  },
  {
    "shortname": "pistol.semiauto",
    "amount": 1,
    "skin": 0,
    "amountMin": 1,
    "weight": 1.0
  },
  {
    "shortname": "rifle.semiauto",
    "amount": 1,
    "skin": 0,
    "amountMin": 1,
    "weight": 1.0
  },
  {
    "shortname": "sewingkit",
    "amount": 20,
    "skin": 0,
    "amountMin": 5,
    "weight": 1.0
  },
  {
    "shortname": "sheetmetal",
    "amount": 20,
    "skin": 0,
    "amountMin": 5,
    "weight": 1.0
  },
  {
    "shortname": "door.hinged.metal",
    "amount": 1,
    "skin": 0,
    "amountMin": 1,
    "weight": 1.0
  },
  {
    "shortname": "door.double.hinged.metal",
    "amount": 1,
    "skin": 0,
    "amountMin": 1,
    "weight": 1.0
  },
  {
    "shortname": "guntrap",
    "amount": 1,
    "skin": 0,
    "amountMin": 1,
    "weight": 1.0
  },
  {
    "shortname": "weapon.mod.silencer",
    "amount": 1,
    "skin": 0,
    "amountMin": 1,
    "weight": 1.0
  },
  {
    "shortname": "weapon.mod.simplesight",
    "amount": 1,
    "skin": 0,
    "amountMin": 1,
    "weight": 1.0
  },
  {
    "shortname": "electric.simplelight",
    "amount": 1,
    "skin": 0,
    "amountMin": 1,
    "weight": 1.0
  },
  {
    "shortname": "electric.fuelgenerator.small",
    "amount": 1,
    "skin": 0,
    "amountMin": 1,
    "weight": 1.0
  },
  {
    "shortname": "small.oil.refinery",
    "amount": 1,
    "skin": 0,
    "amountMin": 1,
    "weight": 1.0
  },
  {
    "shortname": "smgbody",
    "amount": 2,
    "skin": 0,
    "amountMin": 1,
    "weight": 1.0
  },
  {
    "shortname": "jacket.snow",
    "amount": 1,
    "skin": 0,
    "amountMin": 1,
    "weight": 1.0
  },
  {
    "shortname": "shotgun.spas12",
    "amount": 1,
    "skin": 0,
    "amountMin": 1,
    "weight": 1.0
  },
  {
    "shortname": "electric.splitter",
    "amount": 1,
    "skin": 0,
    "amountMin": 1,
    "weight": 1.0
  },
  {
    "shortname": "stones",
    "amount": 20000,
    "skin": 0,
    "amountMin": 10000,
    "weight": 1.0
  },
  {
    "shortname": "sulfur",
    "amount": 7500,
    "skin": 0,
    "amountMin": 4000,
    "weight": 1.0
  },
  {
    "shortname": "sulfur.ore",
    "amount": 7500,
    "skin": 0,
    "amountMin": 4000,
    "weight": 1.0
  },
  {
    "shortname": "supply.signal",
    "amount": 1,
    "skin": 0,
    "amountMin": 1,
    "weight": 1.0
  },
  {
    "shortname": "electric.switch",
    "amount": 1,
    "skin": 0,
    "amountMin": 1,
    "weight": 1.0
  },
  {
    "shortname": "tactical.gloves",
    "amount": 1,
    "skin": 0,
    "amountMin": 1,
    "weight": 1.0
  },
  {
    "shortname": "targeting.computer",
    "amount": 3,
    "skin": 0,
    "amountMin": 1,
    "weight": 1.0
  },
  {
    "shortname": "tarp",
    "amount": 10,
    "skin": 0,
    "amountMin": 5,
    "weight": 1.0
  },
  {
    "shortname": "techparts",
    "amount": 6,
    "skin": 0,
    "amountMin": 1,
    "weight": 1.0
  },
  {
    "shortname": "smg.thompson",
    "amount": 1,
    "skin": 0,
    "amountMin": 1,
    "weight": 1.0
  },
  {
    "shortname": "electric.timer",
    "amount": 1,
    "skin": 0,
    "amountMin": 1,
    "weight": 1.0
  },
  {
    "shortname": "weapon.mod.flashlight",
    "amount": 1,
    "skin": 0,
    "amountMin": 1,
    "weight": 1.0
  },
  {
    "shortname": "weapon.mod.lasersight",
    "amount": 1,
    "skin": 0,
    "amountMin": 1,
    "weight": 1.0
  },
  {
    "shortname": "generator.wind.scrap",
    "amount": 1,
    "skin": 0,
    "amountMin": 1,
    "weight": 1.0
  },
  {
    "shortname": "wood",
    "amount": 20000,
    "skin": 0,
    "amountMin": 10000,
    "weight": 1.0
  },
  {
    "shortname": "workbench1",
    "amount": 1,
    "skin": 0,
    "amountMin": 1,
    "weight": 1.0
  },
  {
    "shortname": "abovegroundpool",
    "amount": 1,
    "skin": 0,
    "amountMin": 1,
    "weight": 1.0
  },
  {
    "shortname": "ammo.nailgun.nails",
    "amount": 64,
    "skin": 0,
    "amountMin": 32,
    "weight": 1.0
  },
  {
    "shortname": "ammo.pistol.hv",
    "amount": 256,
    "skin": 0,
    "amountMin": 128,
    "weight": 1.0
  },
  {
    "shortname": "ammo.rocket.fire",
    "amount": 3,
    "skin": 0,
    "amountMin": 0,
    "weight": 1.0
  },
  {
    "shortname": "ammo.snowballgun",
    "amount": 1,
    "skin": 0,
    "amountMin": 1,
    "weight": 1.0
  },
  {
    "shortname": "arrow.fire",
    "amount": 24,
    "skin": 0,
    "amountMin": 12,
    "weight": 1.0
  },
  {
    "shortname": "arrow.wooden",
    "amount": 24,
    "skin": 0,
    "amountMin": 12,
    "weight": 1.0
  },
  {
    "shortname": "barrelcostume",
    "amount": 1,
    "skin": 0,
    "amountMin": 1,
    "weight": 1.0
  },
  {
    "shortname": "bearmeat.cooked",
    "amount": 32,
    "skin": 0,
    "amountMin": 8,
    "weight": 1.0
  },
  {
    "shortname": "black.raspberries",
    "amount": 18,
    "skin": 0,
    "amountMin": 2,
    "weight": 1.0
  },
  {
    "shortname": "blueberries",
    "amount": 18,
    "skin": 0,
    "amountMin": 2,
    "weight": 1.0
  },
  {
    "shortname": "boots.frog",
    "amount": 1,
    "skin": 0,
    "amountMin": 1,
    "weight": 1.0
  },
  {
    "shortname": "bow.hunting",
    "amount": 1,
    "skin": 0,
    "amountMin": 1,
    "weight": 1.0
  },
  {
    "shortname": "box.repair.bench",
    "amount": 1,
    "skin": 0,
    "amountMin": 1,
    "weight": 1.0
  },
  {
    "shortname": "carburetor1",
    "amount": 1,
    "skin": 0,
    "amountMin": 0,
    "weight": 1.0
  },
  {
    "shortname": "computerstation",
    "amount": 1,
    "skin": 0,
    "amountMin": 1,
    "weight": 1.0
  },
  {
    "shortname": "electric.battery.rechargable.small",
    "amount": 1,
    "skin": 0,
    "amountMin": 0,
    "weight": 1.0
  },
  {
    "shortname": "electric.counter",
    "amount": 1,
    "skin": 0,
    "amountMin": 0,
    "weight": 1.0
  },
  {
    "shortname": "electric.xorswitch",
    "amount": 1,
    "skin": 0,
    "amountMin": 0,
    "weight": 1.0
  },
  {
    "shortname": "fertilizer",
    "amount": 14,
    "skin": 0,
    "amountMin": 0,
    "weight": 1.0
  },
  {
    "shortname": "fishtrap.small",
    "amount": 1,
    "skin": 0,
    "amountMin": 1,
    "weight": 1.0
  },
  {
    "shortname": "flamethrower",
    "amount": 1,
    "skin": 0,
    "amountMin": 1,
    "weight": 1.0
  },
  {
    "shortname": "floor.grill",
    "amount": 1,
    "skin": 0,
    "amountMin": 0,
    "weight": 1.0
  },
  {
    "shortname": "fridge",
    "amount": 1,
    "skin": 0,
    "amountMin": 1,
    "weight": 1.0
  },
  {
    "shortname": "horse.shoes.advanced",
    "amount": 1,
    "skin": 0,
    "amountMin": 1,
    "weight": 1.0
  },
  {
    "shortname": "horsedung",
    "amount": 4,
    "skin": 0,
    "amountMin": 0,
    "weight": 1.0
  },
  {
    "shortname": "hosetool",
    "amount": 1,
    "skin": 0,
    "amountMin": 1,
    "weight": 1.0
  },
  {
    "shortname": "keycard_green",
    "amount": 1,
    "skin": 0,
    "amountMin": 1,
    "weight": 1.0
  },
  {
    "shortname": "ladder.wooden.wall",
    "amount": 2,
    "skin": 0,
    "amountMin": 1,
    "weight": 1.0
  },
  {
    "shortname": "lock.code",
    "amount": 1,
    "skin": 0,
    "amountMin": 0,
    "weight": 1.0
  },
  {
    "shortname": "locker",
    "amount": 1,
    "skin": 0,
    "amountMin": 0,
    "weight": 1.0
  },
  {
    "shortname": "pants",
    "amount": 1,
    "skin": 0,
    "amountMin": 1,
    "weight": 1.0
  },
  {
    "shortname": "pistol.nailgun",
    "amount": 1,
    "skin": 0,
    "amountMin": 1,
    "weight": 1.0
  },
  {
    "shortname": "piston1",
    "amount": 1,
    "skin": 0,
    "amountMin": 0,
    "weight": 1.0
  },
  {
    "shortname": "planter.small",
    "amount": 1,
    "skin": 0,
    "amountMin": 1,
    "weight": 1.0
  },
  {
    "shortname": "rifle.m39",
    "amount": 1,
    "skin": 0,
    "amountMin": 1,
    "weight": 1.0
  },
  {
    "shortname": "roadsign.jacket",
    "amount": 1,
    "skin": 0,
    "amountMin": 1,
    "weight": 1.0
  },
  {
    "shortname": "rug",
    "amount": 1,
    "skin": 0,
    "amountMin": 1,
    "weight": 1.0
  },
  {
    "shortname": "rug.bear",
    "amount": 1,
    "skin": 0,
    "amountMin": 1,
    "weight": 1.0
  },
  {
    "shortname": "sign.neon.125x125",
    "amount": 1,
    "skin": 0,
    "amountMin": 1,
    "weight": 1.0
  },
  {
    "shortname": "sign.neon.125x215.animated",
    "amount": 1,
    "skin": 0,
    "amountMin": 1,
    "weight": 1.0
  },
  {
    "shortname": "sleepingbag",
    "amount": 1,
    "skin": 0,
    "amountMin": 1,
    "weight": 1.0
  },
  {
    "shortname": "snowballgun",
    "amount": 1,
    "skin": 0,
    "amountMin": 0,
    "weight": 1.0
  },
  {
    "shortname": "sofa",
    "amount": 1,
    "skin": 0,
    "amountMin": 0,
    "weight": 1.0
  },
  {
    "shortname": "trap.landmine",
    "amount": 1,
    "skin": 0,
    "amountMin": 1,
    "weight": 1.0
  },
  {
    "shortname": "tshirt",
    "amount": 1,
    "skin": 0,
    "amountMin": 1,
    "weight": 1.0
  },
  {
    "shortname": "tshirt.long",
    "amount": 1,
    "skin": 0,
    "amountMin": 1,
    "weight": 1.0
  },
  {
    "shortname": "wall.external.high.ice",
    "amount": 1,
    "skin": 0,
    "amountMin": 1,
    "weight": 1.0
  },
  {
    "shortname": "wall.ice.wall",
    "amount": 1,
    "skin": 0,
    "amountMin": 1,
    "weight": 1.0
  },
  {
    "shortname": "wall.window.bars.metal",
    "amount": 1,
    "skin": 0,
    "amountMin": 0,
    "weight": 1.0
  },
  {
    "shortname": "wall.window.bars.wood",
    "amount": 1,
    "skin": 0,
    "amountMin": 1,
    "weight": 1.0
  },
  {
    "shortname": "water.catcher.small",
    "amount": 1,
    "skin": 0,
    "amountMin": 1,
    "weight": 1.0
  },
  {
    "shortname": "wiretool",
    "amount": 1,
    "skin": 0,
    "amountMin": 1,
    "weight": 1.0
  },
  {
    "shortname": "wood.armor.helmet",
    "amount": 1,
    "skin": 0,
    "amountMin": 1,
    "weight": 1.0
  }
]