[
  {
    "shortname": "bandage",
    "amount": 40,
    "skin": 0,
    "amountMin": 10,
    "weight": 1.0
  },
  {
    "shortname": "explosive.satchel",
    "amount": 30,
    "skin": 0,
    "amountMin": 15,
    "weight": 1.0
  },
  {
    "shortname": "keycard_red",
    "amount": 1,
    "skin": 0,
    "amountMin": 1,
    "weight": 1.0
  },
  {
    "shortname": "ammo.shotgun",
    "amount": 350,
    "skin": 0,
    "amountMin": 100,
    "weight": 1.0
  },
  {
    "shortname": "ammo.shotgun.fire",
    "amount": 350,
    "skin": 0,
    "amountMin": 100,
    "weight": 1.0
  },
  {
    "shortname": "ammo.shotgun.slug",
    "amount": 350,
    "skin": 0,
    "amountMin": 100,
    "weight": 1.0
  },
  {
    "shortname": "weapon.mod.8x.scope",
    "amount": 1,
    "skin": 0,
    "amountMin": 1,
    "weight": 1.0
  },
  {
    "shortname": "ammo.grenadelauncher.he",
    "amount": 10,
    "skin": 0,
    "amountMin": 5,
    "weight": 1.0
  },
  {
    "shortname": "ammo.rifle",
    "amount": 500,
    "skin": 0,
    "amountMin": 250,
    "weight": 1.0
  },
  {
    "shortname": "weapon.mod.small.scope",
    "amount": 1,
    "skin": 0,
    "amountMin": 1,
    "weight": 1.0
  },
  {
    "shortname": "electric.andswitch",
    "amount": 1,
    "skin": 0,
    "amountMin": 1,
    "weight": 1.0
  },
  {
    "shortname": "fat.animal",
    "amount": 600,
    "skin": 0,
    "amountMin": 100,
    "weight": 1.0
  },
  {
    "shortname": "autoturret",
    "amount": 2,
    "skin": 0,
    "amountMin": 1,
    "weight": 1.0
  },
  {
    "shortname": "horse.shoes.basic",
    "amount": 1,
    "skin": 0,
    "amountMin": 1,
    "weight": 1.0
  },
  {
    "shortname": "grenade.beancan",
    "amount": 25,
    "skin": 0,
    "amountMin": 10,
    "weight": 1.0
  },
  {
    "shortname": "bed",
    "amount": 1,
    "skin": 0,
    "amountMin": 1,
    "weight": 1.0
  },
  {
    "shortname": "electric.blocker",
    "amount": 1,
    "skin": 0,
    "amountMin": 1,
    "weight": 1.0
  },
  {
    "shortname": "blood",
    "amount": 1000,
    "skin": 0,
    "amountMin": 100,
    "weight": 1.0
  },
  {
    "shortname": "keycard_blue",
    "amount": 4,
    "skin": 0,
    "amountMin": 1,
    "weight": 1.0
  },
  {
    "shortname": "rifle.bolt",
    "amount": 1,
    "skin": 0,
    "amountMin": 1,
    "weight": 1.0
  },
  {
    "shortname": "bone.fragments",
    "amount": 10000,
    "skin": 0,
    "amountMin": 10,
    "weight": 1.0
  },
  {
    "shortname": "hat.boonie",
    "amount": 1,
    "skin": 0,
    "amountMin": 1,
    "weight": 1.0
  },
  {
    "shortname": "shoes.boots",
    "amount": 1,
    "skin": 0,
    "amountMin": 1,
    "weight": 1.0
  },
  {
    "shortname": "bucket.helmet",
    "amount": 1,
    "skin": 0,
    "amountMin": 1,
    "weight": 1.0
  },
  {
    "shortname": "knife.butcher",
    "amount": 1,
    "skin": 0,
    "amountMin": 1,
    "weight": 1.0
  },
  {
    "shortname": "cctv.camera",
    "amount": 6,
    "skin": 0,
    "amountMin": 2,
    "weight": 1.0
  },
  {
    "shortname": "chainsaw",
    "amount": 1,
    "skin": 0,
    "amountMin": 1,
    "weight": 1.0
  },
  {
    "shortname": "charcoal",
    "amount": 25000,
    "skin": 0,
    "amountMin": 5000,
    "weight": 1.0
  },
  {
    "shortname": "arcade.machine.chippy",
    "amount": 1,
    "skin": 0,
    "amountMin": 1,
    "weight": 1.0
  },
  {
    "shortname": "cloth",
    "amount": 2000,
    "skin": 0,
    "amountMin": 50,
    "weight": 1.0
  },
  {
    "shortname": "coffeecan.helmet",
    "amount": 1,
    "skin": 0,
    "amountMin": 1,
    "weight": 1.0
  },
  {
    "shortname": "chicken.cooked",
    "amount": 50,
    "skin": 0,
    "amountMin": 5,
    "weight": 1.0
  },
  {
    "shortname": "smg.2",
    "amount": 1,
    "skin": 0,
    "amountMin": 1,
    "weight": 1.0
  },
  {
    "shortname": "diving.fins",
    "amount": 1,
    "skin": 0,
    "amountMin": 1,
    "weight": 1.0
  },
  {
    "shortname": "diving.mask",
    "amount": 1,
    "skin": 0,
    "amountMin": 1,
    "weight": 1.0
  },
  {
    "shortname": "diving.tank",
    "amount": 1,
    "skin": 0,
    "amountMin": 1,
    "weight": 1.0
  },
  {
    "shortname": "door.closer",
    "amount": 1,
    "skin": 0,
    "amountMin": 1,
    "weight": 1.0
  },
  {
    "shortname": "electric.doorcontroller",
    "amount": 1,
    "skin": 0,
    "amountMin": 1,
    "weight": 1.0
  },
  {
    "shortname": "fuse",
    "amount": 3,
    "skin": 0,
    "amountMin": 1,
    "weight": 1.0
  },
  {
    "shortname": "electrical.branch",
    "amount": 1,
    "skin": 0,
    "amountMin": 1,
    "weight": 1.0
  },
  {
    "shortname": "propanetank",
    "amount": 20,
    "skin": 0,
    "amountMin": 10,
    "weight": 1.0
  },
  {
    "shortname": "grenade.f1",
    "amount": 25,
    "skin": 0,
    "amountMin": 10,
    "weight": 1.0
  },
  {
    "shortname": "flameturret",
    "amount": 1,
    "skin": 0,
    "amountMin": 1,
    "weight": 1.0
  },
  {
    "shortname": "fluid.splitter",
    "amount": 1,
    "skin": 0,
    "amountMin": 1,
    "weight": 1.0
  },
  {
    "shortname": "gunpowder",
    "amount": 10000,
    "skin": 0,
    "amountMin": 2500,
    "weight": 1.0
  },
  {
    "shortname": "ammo.handmade.shell",
    "amount": 250,
    "skin": 0,
    "amountMin": 10,
    "weight": 1.0
  },
  {
    "shortname": "hatchet",
    "amount": 1,
    "skin": 0,
    "amountMin": 1,
    "weight": 1.0
  },
  {
    "shortname": "hazmatsuit",
    "amount": 1,
    "skin": 0,
    "amountMin": 1,
    "weight": 1.0
  },
  {
    "shortname": "electric.hbhfsensor",
    "amount": 1,
    "skin": 0,
    "amountMin": 1,
    "weight": 1.0
  },
  {
    "shortname": "heavy.plate.helmet",
    "amount": 1,
    "skin": 0,
    "amountMin": 1,
    "weight": 1.0
  },
  {
    "shortname": "heavy.plate.jacket",
    "amount": 1,
    "skin": 0,
    "amountMin": 1,
    "weight": 1.0
  },
  {
    "shortname": "heavy.plate.pants",
    "amount": 1,
    "skin": 0,
    "amountMin": 1,
    "weight": 1.0
  },
  {
    "shortname": "gates.external.high.stone",
    "amount": 1,
    "skin": 0,
    "amountMin": 1,
    "weight": 1.0
  },
  {
    "shortname": "wall.external.high.stone",
    "amount": 8,
    "skin": 0,
    "amountMin": 1,
    "weight": 1.0
  },
  {
    "shortname": "metal.refined",
    "amount": 2000,
    "skin": 0,
    "amountMin": 1000,
    "weight": 1.0
  },
  {
    "shortname": "hq.metal.ore",
    "amount": 2000,
    "skin": 0,
    "amountMin": 1000,
    "weight": 1.0
  },
  {
    "shortname": "ammo.rocket.hv",
    "amount": 13,
    "skin": 0,
    "amountMin": 3,
    "weight": 1.0
  },
  {
    "shortname": "weapon.mod.holosight",
    "amount": 1,
    "skin": 0,
    "amountMin": 1,
    "weight": 1.0
  },
  {
    "shortname": "ammo.rifle.hv",
    "amount": 500,
    "skin": 0,
    "amountMin": 200,
    "weight": 1.0
  },
  {
    "shortname": "ammo.rifle.incendiary",
    "amount": 500,
    "skin": 0,
    "amountMin": 200,
    "weight": 1.0
  },
  {
    "shortname": "ammo.rocket.fire",
    "amount": 8,
    "skin": 0,
    "amountMin": 2,
    "weight": 1.0
  },
  {
    "shortname": "jacket",
    "amount": 1,
    "skin": 0,
    "amountMin": 1,
    "weight": 1.0
  },
  {
    "shortname": "jackhammer",
    "amount": 1,
    "skin": 0,
    "amountMin": 1,
    "weight": 1.0
  },
  {
    "shortname": "floor.ladder.hatch",
    "amount": 1,
    "skin": 0,
    "amountMin": 1,
    "weight": 1.0
  },
  {
    "shortname": "furnace.large",
    "amount": 1,
    "skin": 0,
    "amountMin": 1,
    "weight": 1.0
  },
  {
    "shortname": "largemedkit",
    "amount": 30,
    "skin": 0,
    "amountMin": 10,
    "weight": 1.0
  },
  {
    "shortname": "electric.battery.rechargable.large",
    "amount": 1,
    "skin": 0,
    "amountMin": 1,
    "weight": 1.0
  },
  {
    "shortname": "electric.solarpanel.large",
    "amount": 4,
    "skin": 0,
    "amountMin": 1,
    "weight": 1.0
  },
  {
    "shortname": "lowgradefuel",
    "amount": 5000,
    "skin": 0,
    "amountMin": 100,
    "weight": 1.0
  },
  {
    "shortname": "pistol.m92",
    "amount": 1,
    "skin": 0,
    "amountMin": 1,
    "weight": 1.0
  },
  {
    "shortname": "syringe.medical",
    "amount": 40,
    "skin": 0,
    "amountMin": 20,
    "weight": 1.0
  },
  {
    "shortname": "metal.fragments",
    "amount": 20000,
    "skin": 0,
    "amountMin": 10000,
    "weight": 1.0
  },
  {
    "shortname": "metal.ore",
    "amount": 20000,
    "skin": 0,
    "amountMin": 10000,
    "weight": 1.0
  },
  {
    "shortname": "metalpipe",
    "amount": 10,
    "skin": 0,
    "amountMin": 5,
    "weight": 1.0
  },
  {
    "shortname": "metalspring",
    "amount": 10,
    "skin": 0,
    "amountMin": 5,
    "weight": 1.0
  },
  {
    "shortname": "smg.mp5",
    "amount": 1,
    "skin": 0,
    "amountMin": 1,
    "weight": 1.0
  },
  {
    "shortname": "weapon.mod.muzzleboost",
    "amount": 1,
    "skin": 0,
    "amountMin": 1,
    "weight": 1.0
  },
  {
    "shortname": "paper",
    "amount": 5,
    "skin": 0,
    "amountMin": 2,
    "weight": 1.0
  },
  {
    "shortname": "pickaxe",
    "amount": 1,
    "skin": 0,
    "amountMin": 1,
    "weight": 1.0
  },
  {
    "shortname": "ammo.pistol",
    "amount": 500,
    "skin": 0,
    "amountMin": 200,
    "weight": 1.0
  },
  {
    "shortname": "shotgun.pump",
    "amount": 1,
    "skin": 0,
    "amountMin": 1,
    "weight": 1.0
  },
  {
    "shortname": "pumpkin",
    "amount": 50,
    "skin": 0,
    "amountMin": 25,
    "weight": 1.0
  },
  {
    "shortname": "pistol.python",
    "amount": 1,
    "skin": 0,
    "amountMin": 1,
    "weight": 1.0
  },
  {
    "shortname": "research.table",
    "amount": 1,
    "skin": 0,
    "amountMin": 1,
    "weight": 1.0
  },
  {
    "shortname": "riflebody",
    "amount": 2,
    "skin": 0,
    "amountMin": 1,
    "weight": 1.0
  },
  {
    "shortname": "roadsign.kilt",
    "amount": 1,
    "skin": 0,
    "amountMin": 1,
    "weight": 1.0
  },
  {
    "shortname": "roadsigns",
    "amount": 30,
    "skin": 0,
    "amountMin": 5,
    "weight": 1.0
  },
  {
    "shortname": "horse.armor.roadsign",
    "amount": 1,
    "skin": 0,
    "amountMin": 1,
    "weight": 1.0
  },
  {
    "shortname": "rope",
    "amount": 50,
    "skin": 0,
    "amountMin": 10,
    "weight": 1.0
  },
  {
    "shortname": "scrap",
    "amount": 1500,
    "skin": 0,
    "amountMin": 500,
    "weight": 1.0
  },
  {
    "shortname": "semibody",
    "amount": 6,
    "skin": 0,
    "amountMin": 2,
    "weight": 1.0
  },
  {
    "shortname": "pistol.semiauto",
    "amount": 1,
    "skin": 0,
    "amountMin": 1,
    "weight": 1.0
  },
  {
    "shortname": "rifle.semiauto",
    "amount": 1,
    "skin": 0,
    "amountMin": 1,
    "weight": 1.0
  },
  {
    "shortname": "sewingkit",
    "amount": 10,
    "skin": 0,
    "amountMin": 5,
    "weight": 1.0
  },
  {
    "shortname": "sheetmetal",
    "amount": 10,
    "skin": 0,
    "amountMin": 5,
    "weight": 1.0
  },
  {
    "shortname": "door.hinged.metal",
    "amount": 1,
    "skin": 0,
    "amountMin": 1,
    "weight": 1.0
  },
  {
    "shortname": "door.double.hinged.metal",
    "amount": 1,
    "skin": 0,
    "amountMin": 1,
    "weight": 1.0
  },
  {
    "shortname": "guntrap",
    "amount": 2,
    "skin": 0,
    "amountMin": 1,
    "weight": 1.0
  },
  {
    "shortname": "weapon.mod.silencer",
    "amount": 1,
    "skin": 0,
    "amountMin": 1,
    "weight": 1.0
  },
  {
    "shortname": "weapon.mod.simplesight",
    "amount": 1,
    "skin": 0,
    "amountMin": 1,
    "weight": 1.0
  },
  {
    "shortname": "electric.simplelight",
    "amount": 2,
    "skin": 0,
    "amountMin": 1,
    "weight": 1.0
  },
  {
    "shortname": "electric.fuelgenerator.small",
    "amount": 1,
    "skin": 0,
    "amountMin": 1,
    "weight": 1.0
  },
  {
    "shortname": "small.oil.refinery",
    "amount": 1,
    "skin": 0,
    "amountMin": 1,
    "weight": 1.0
  },
  {
    "shortname": "smgbody",
    "amount": 2,
    "skin": 0,
    "amountMin": 1,
    "weight": 1.0
  },
  {
    "shortname": "jacket.snow",
    "amount": 1,
    "skin": 0,
    "amountMin": 1,
    "weight": 1.0
  },
  {
    "shortname": "shotgun.spas12",
    "amount": 1,
    "skin": 0,
    "amountMin": 1,
    "weight": 1.0
  },
  {
    "shortname": "electric.splitter",
    "amount": 1,
    "skin": 0,
    "amountMin": 1,
    "weight": 1.0
  },
  {
    "shortname": "stones",
    "amount": 30000,
    "skin": 0,
    "amountMin": 15000,
    "weight": 1.0
  },
  {
    "shortname": "sulfur",
    "amount": 12500,
    "skin": 0,
    "amountMin": 7500,
    "weight": 1.0
  },
  {
    "shortname": "sulfur.ore",
    "amount": 12500,
    "skin": 0,
    "amountMin": 7500,
    "weight": 1.0
  },
  {
    "shortname": "supply.signal",
    "amount": 2,
    "skin": 0,
    "amountMin": 1,
    "weight": 1.0
  },
  {
    "shortname": "electric.switch",
    "amount": 1,
    "skin": 0,
    "amountMin": 1,
    "weight": 1.0
  },
  {
    "shortname": "tactical.gloves",
    "amount": 1,
    "skin": 0,
    "amountMin": 1,
    "weight": 1.0
  },
  {
    "shortname": "targeting.computer",
    "amount": 4,
    "skin": 0,
    "amountMin": 2,
    "weight": 1.0
  },
  {
    "shortname": "tarp",
    "amount": 30,
    "skin": 0,
    "amountMin": 5,
    "weight": 1.0
  },
  {
    "shortname": "techparts",
    "amount": 6,
    "skin": 0,
    "amountMin": 2,
    "weight": 1.0
  },
  {
    "shortname": "smg.thompson",
    "amount": 1,
    "skin": 0,
    "amountMin": 1,
    "weight": 1.0
  },
  {
    "shortname": "electric.timer",
    "amount": 1,
    "skin": 0,
    "amountMin": 1,
    "weight": 1.0
  },
  {
    "shortname": "weapon.mod.flashlight",
    "amount": 1,
    "skin": 0,
    "amountMin": 1,
    "weight": 1.0
  },
  {
    "shortname": "weapon.mod.lasersight",
    "amount": 1,
    "skin": 0,
    "amountMin": 1,
    "weight": 1.0
  },
  {
    "shortname": "generator.wind.scrap",
    "amount": 1,
    "skin": 0,
    "amountMin": 1,
    "weight": 1.0
  },
  {
    "shortname": "wood",
    "amount": 35000,
    "skin": 0,
    "amountMin": 20000,
    "weight": 1.0
  },
  {
    "shortname": "abovegroundpool",
    "amount": 1,
    "skin": 0,
    "amountMin": 0,
    "weight": 1.0
  },
  {
    "shortname": "ammo.grenadelauncher.buckshot",
    "amount": 8,
    "skin": 0,
    "amountMin": 1,
    "weight": 1.0
  },
  {
    "shortname": "ammo.nailgun.nails",
    "amount": 64,
    "skin": 0,
    "amountMin": 24,
    "weight": 1.0
  },
  {
    "shortname": "ammo.pistol.hv",
    "amount": 64,
    "skin": 0,
    "amountMin": 32,
    "weight": 1.0
  },
  {
    "shortname": "ammo.rifle.explosive",
    "amount": 32,
    "skin": 0,
    "amountMin": 8,
    "weight": 1.0
  },
  {
    "shortname": "ammo.rocket.basic",
    "amount": 10,
    "skin": 0,
    "amountMin": 2,
    "weight": 1.0
  },
  {
    "shortname": "barricade.metal",
    "amount": 1,
    "skin": 0,
    "amountMin": 1,
    "weight": 1.0
  },
  {
    "shortname": "bbq",
    "amount": 1,
    "skin": 0,
    "amountMin": 1,
    "weight": 1.0
  },
  {
    "shortname": "bearmeat.cooked",
    "amount": 48,
    "skin": 0,
    "amountMin": 24,
    "weight": 1.0
  },
  {
    "shortname": "black.raspberries",
    "amount": 32,
    "skin": 0,
    "amountMin": 2,
    "weight": 1.0
  },
  {
    "shortname": "blueberries",
    "amount": 32,
    "skin": 0,
    "amountMin": 2,
    "weight": 1.0
  },
  {
    "shortname": "box.repair.bench",
    "amount": 1,
    "skin": 0,
    "amountMin": 1,
    "weight": 1.0
  },
  {
    "shortname": "composter",
    "amount": 1,
    "skin": 0,
    "amountMin": 1,
    "weight": 1.0
  },
  {
    "shortname": "computerstation",
    "amount": 1,
    "skin": 0,
    "amountMin": 1,
    "weight": 1.0
  },
  {
    "shortname": "crankshaft2",
    "amount": 1,
    "skin": 0,
    "amountMin": 1,
    "weight": 1.0
  },
  {
    "shortname": "diving.wetsuit",
    "amount": 1,
    "skin": 0,
    "amountMin": 1,
    "weight": 1.0
  },
  {
    "shortname": "dropbox",
    "amount": 1,
    "skin": 0,
    "amountMin": 1,
    "weight": 1.0
  },
  {
    "shortname": "electric.button",
    "amount": 1,
    "skin": 0,
    "amountMin": 1,
    "weight": 1.0
  },
  {
    "shortname": "electric.cabletunnel",
    "amount": 1,
    "skin": 0,
    "amountMin": 1,
    "weight": 1.0
  },
  {
    "shortname": "electric.counter",
    "amount": 1,
    "skin": 0,
    "amountMin": 1,
    "weight": 1.0
  },
  {
    "shortname": "electric.laserdetector",
    "amount": 1,
    "skin": 0,
    "amountMin": 1,
    "weight": 1.0
  },
  {
    "shortname": "electric.orswitch",
    "amount": 1,
    "skin": 0,
    "amountMin": 1,
    "weight": 1.0
  },
  {
    "shortname": "electric.pressurepad",
    "amount": 1,
    "skin": 0,
    "amountMin": 0,
    "weight": 1.0
  },
  {
    "shortname": "electric.xorswitch",
    "amount": 1,
    "skin": 0,
    "amountMin": 1,
    "weight": 1.0
  },
  {
    "shortname": "electrical.combiner",
    "amount": 1,
    "skin": 0,
    "amountMin": 1,
    "weight": 1.0
  },
  {
    "shortname": "explosive.timed",
    "amount": 5,
    "skin": 0,
    "amountMin": 2,
    "weight": 1.0
  },
  {
    "shortname": "explosives",
    "amount": 50,
    "skin": 0,
    "amountMin": 25,
    "weight": 1.0
  },
  {
    "shortname": "flamethrower",
    "amount": 1,
    "skin": 0,
    "amountMin": 1,
    "weight": 1.0
  },
  {
    "shortname": "floor.grill",
    "amount": 1,
    "skin": 0,
    "amountMin": 1,
    "weight": 1.0
  },
  {
    "shortname": "floor.triangle.grill",
    "amount": 1,
    "skin": 0,
    "amountMin": 1,
    "weight": 1.0
  },
  {
    "shortname": "floor.triangle.ladder.hatch",
    "amount": 1,
    "skin": 0,
    "amountMin": 1,
    "weight": 1.0
  },
  {
    "shortname": "fridge",
    "amount": 1,
    "skin": 0,
    "amountMin": 1,
    "weight": 1.0
  },
  {
    "shortname": "gates.external.high.wood",
    "amount": 4,
    "skin": 0,
    "amountMin": 1,
    "weight": 1.0
  },
  {
    "shortname": "gears",
    "amount": 12,
    "skin": 0,
    "amountMin": 2,
    "weight": 1.0
  },
  {
    "shortname": "horsedung",
    "amount": 6,
    "skin": 0,
    "amountMin": 2,
    "weight": 1.0
  },
  {
    "shortname": "keycard_green",
    "amount": 1,
    "skin": 0,
    "amountMin": 1,
    "weight": 1.0
  },
  {
    "shortname": "ladder.wooden.wall",
    "amount": 4,
    "skin": 0,
    "amountMin": 1,
    "weight": 1.0
  },
  {
    "shortname": "locker",
    "amount": 1,
    "skin": 0,
    "amountMin": 1,
    "weight": 1.0
  },
  {
    "shortname": "mailbox",
    "amount": 1,
    "skin": 0,
    "amountMin": 1,
    "weight": 1.0
  },
  {
    "shortname": "metalblade",
    "amount": 14,
    "skin": 0,
    "amountMin": 2,
    "weight": 1.0
  },
  {
    "shortname": "mixingtable",
    "amount": 1,
    "skin": 0,
    "amountMin": 1,
    "weight": 1.0
  },
  {
    "shortname": "pants",
    "amount": 1,
    "skin": 0,
    "amountMin": 1,
    "weight": 1.0
  },
  {
    "shortname": "piston2",
    "amount": 1,
    "skin": 0,
    "amountMin": 1,
    "weight": 1.0
  },
  {
    "shortname": "planter.large",
    "amount": 1,
    "skin": 0,
    "amountMin": 1,
    "weight": 1.0
  },
  {
    "shortname": "planter.small",
    "amount": 1,
    "skin": 0,
    "amountMin": 1,
    "weight": 1.0
  },
  {
    "shortname": "rifle.m39",
    "amount": 1,
    "skin": 0,
    "amountMin": 0,
    "weight": 1.0
  },
  {
    "shortname": "roadsign.jacket",
    "amount": 1,
    "skin": 0,
    "amountMin": 1,
    "weight": 1.0
  },
  {
    "shortname": "rocket.launcher",
    "amount": 1,
    "skin": 0,
    "amountMin": 1,
    "weight": 1.0
  },
  {
    "shortname": "shotgun.double",
    "amount": 1,
    "skin": 0,
    "amountMin": 1,
    "weight": 1.0
  },
  {
    "shortname": "sign.neon.125x125",
    "amount": 1,
    "skin": 0,
    "amountMin": 1,
    "weight": 1.0
  },
  {
    "shortname": "sign.neon.125x215",
    "amount": 1,
    "skin": 0,
    "amountMin": 1,
    "weight": 1.0
  },
  {
    "shortname": "sign.neon.125x215.animated",
    "amount": 1,
    "skin": 0,
    "amountMin": 1,
    "weight": 1.0
  },
  {
    "shortname": "sign.neon.xl",
    "amount": 1,
    "skin": 0,
    "amountMin": 1,
    "weight": 1.0
  },
  {
    "shortname": "sign.neon.xl.animated",
    "amount": 1,
    "skin": 0,
    "amountMin": 1,
    "weight": 1.0
  },
  {
    "shortname": "sleepingbag",
    "amount": 1,
    "skin": 0,
    "amountMin": 1,
    "weight": 1.0
  },
  {
    "shortname": "smart.alarm",
    "amount": 1,
    "skin": 0,
    "amountMin": 1,
    "weight": 1.0
  },
  {
    "shortname": "smart.switch",
    "amount": 1,
    "skin": 0,
    "amountMin": 1,
    "weight": 1.0
  },
  {
    "shortname": "target.reactive",
    "amount": 1,
    "skin": 0,
    "amountMin": 1,
    "weight": 1.0
  },
  {
    "shortname": "trap.landmine",
    "amount": 2,
    "skin": 0,
    "amountMin": 1,
    "weight": 1.0
  },
  {
    "shortname": "tshirt",
    "amount": 1,
    "skin": 0,
    "amountMin": 1,
    "weight": 1.0
  },
  {
    "shortname": "tshirt.long",
    "amount": 1,
    "skin": 0,
    "amountMin": 1,
    "weight": 1.0
  },
  {
    "shortname": "valve2",
    "amount": 1,
    "skin": 0,
    "amountMin": 1,
    "weight": 1.0
  },
  {
    "shortname": "vehicle.1mod.engine",
    "amount": 1,
    "skin": 0,
    "amountMin": 1,
    "weight": 1.0
  },
  {
    "shortname": "vehicle.1mod.flatbed",
    "amount": 1,
    "skin": 0,
    "amountMin": 1,
    "weight": 1.0
  },
  {
    "shortname": "vehicle.1mod.storage",
    "amount": 1,
    "skin": 0,
    "amountMin": 1,
    "weight": 1.0
  },
  {
    "shortname": "vehicle.1mod.taxi",
    "amount": 1,
    "skin": 0,
    "amountMin": 1,
    "weight": 1.0
  },
  {
    "shortname": "vehicle.chassis.2mod",
    "amount": 1,
    "skin": 0,
    "amountMin": 1,
    "weight": 1.0
  },
  {
    "shortname": "vending.machine",
    "amount": 1,
    "skin": 0,
    "amountMin": 1,
    "weight": 1.0
  },
  {
    "shortname": "wall.external.high",
    "amount": 4,
    "skin": 0,
    "amountMin": 1,
    "weight": 1.0
  },
  {
    "shortname": "wall.external.high.ice",
    "amount": 1,
    "skin": 0,
    "amountMin": 1,
    "weight": 1.0
  },
  {
    "shortname": "wall.window.bars.metal",
    "amount": 1,
    "skin": 0,
    "amountMin": 1,
    "weight": 1.0
  },
  {
    "shortname": "wall.window.bars.toptier",
    "amount": 1,
    "skin": 0,
    "amountMin": 1,
    "weight": 1.0
  },
  {
    "shortname": "wall.window.glass.reinforced",
    "amount": 1,
    "skin": 0,
    "amountMin": 1,
    "weight": 1.0
  },
  {
    "shortname": "water.catcher.large",
    "amount": 1,
    "skin": 0,
    "amountMin": 1,
    "weight": 1.0
  },
  {
    "shortname": "water.catcher.small",
    "amount": 1,
    "skin": 0,
    "amountMin": 1,
    "weight": 1.0
  },
  {
    "shortname": "water.purifier",
    "amount": 1,
    "skin": 0,
    "amountMin": 1,
    "weight": 1.0
  },
  {
    "shortname": "waterpump",
    "amount": 1,
    "skin": 0,
    "amountMin": 1,
    "weight": 1.0
  },
  {
    "shortname": "wiretool",
    "amount": 1,
    "skin": 0,
    "amountMin": 1,
    "weight": 1.0
  },
  {
    "shortname": "workbench1",
    "amount": 1,
    "skin": 0,
    "amountMin": 1,
    "weight": 1.0
  },
  {
    "shortname": "workbench2",
    "amount": 1,
    "skin": 0,
    "amountMin": 1,
    "weight": 1.0
  }
]