[
  {
    "shortname": "ammo.pistol",
    "amount": 1000,
    "skin": 0,
    "amountMin": 100,
    "weight": 1.0
  },
  {
    "shortname": "ammo.rifle",
    "amount": 1000,
    "skin": 0,
    "amountMin": 100,
    "weight": 1.0
  },
  {
    "shortname": "paper",
    "amount": 12,
    "skin": 0,
    "amountMin": 4,
    "weight": 1.0
  },
  {
    "shortname": "ammo.rifle.hv",
    "amount": 1000,
    "skin": 0,
    "amountMin": 100,
    "weight": 1.0
  },
  {
    "shortname": "ammo.rifle.incendiary",
    "amount": 1000,
    "skin": 0,
    "amountMin": 100,
    "weight": 1.0
  },
  {
    "shortname": "ammo.shotgun",
    "amount": 500,
    "skin": 0,
    "amountMin": 100,
    "weight": 1.0
  },
  {
    "shortname": "ammo.shotgun.slug",
    "amount": 500,
    "skin": 0,
    "amountMin": 100,
    "weight": 1.0
  },
  {
    "shortname": "surveycharge",
    "amount": 15,
    "skin": 0,
    "amountMin": 5,
    "weight": 1.0
  },
  {
    "shortname": "metal.refined",
    "amount": 7500,
    "skin": 0,
    "amountMin": 1000,
    "weight": 1.0
  },
  {
    "shortname": "bucket.helmet",
    "amount": 1,
    "skin": 0,
    "amountMin": 1,
    "weight": 1.0
  },
  {
    "shortname": "cctv.camera",
    "amount": 10,
    "skin": 0,
    "amountMin": 2,
    "weight": 1.0
  },
  {
    "shortname": "coffeecan.helmet",
    "amount": 1,
    "skin": 0,
    "amountMin": 1,
    "weight": 1.0
  },
  {
    "shortname": "metal.facemask",
    "amount": 1,
    "skin": 0,
    "amountMin": 1,
    "weight": 1.0
  },
  {
    "shortname": "metal.plate.torso",
    "amount": 1,
    "skin": 0,
    "amountMin": 1,
    "weight": 1.0
  },
  {
    "shortname": "pistol.m92",
    "amount": 1,
    "skin": 0,
    "amountMin": 1,
    "weight": 1.0
  },
  {
    "shortname": "rifle.ak",
    "amount": 1,
    "skin": 0,
    "amountMin": 1,
    "weight": 1.0
  },
  {
    "shortname": "rifle.bolt",
    "amount": 1,
    "skin": 0,
    "amountMin": 1,
    "weight": 1.0
  },
  {
    "shortname": "rifle.lr300",
    "amount": 1,
    "skin": 0,
    "amountMin": 1,
    "weight": 1.0
  },
  {
    "shortname": "smg.2",
    "amount": 1,
    "skin": 0,
    "amountMin": 1,
    "weight": 1.0
  },
  {
    "shortname": "smg.mp5",
    "amount": 1,
    "skin": 0,
    "amountMin": 1,
    "weight": 1.0
  },
  {
    "shortname": "smg.thompson",
    "amount": 1,
    "skin": 0,
    "amountMin": 1,
    "weight": 1.0
  },
  {
    "shortname": "supply.signal",
    "amount": 4,
    "skin": 0,
    "amountMin": 2,
    "weight": 1.0
  },
  {
    "shortname": "targeting.computer",
    "amount": 12,
    "skin": 0,
    "amountMin": 4,
    "weight": 1.0
  },
  {
    "shortname": "weapon.mod.small.scope",
    "amount": 1,
    "skin": 0,
    "amountMin": 1,
    "weight": 1.0
  },
  {
    "shortname": "door.hinged.toptier",
    "amount": 1,
    "skin": 0,
    "amountMin": 1,
    "weight": 1.0
  },
  {
    "shortname": "door.double.hinged.toptier",
    "amount": 1,
    "skin": 0,
    "amountMin": 1,
    "weight": 1.0
  },
  {
    "shortname": "autoturret",
    "amount": 2,
    "skin": 0,
    "amountMin": 1,
    "weight": 1.0
  },
  {
    "shortname": "black.raspberries",
    "amount": 50,
    "skin": 0,
    "amountMin": 10,
    "weight": 1.0
  },
  {
    "shortname": "electric.blocker",
    "amount": 1,
    "skin": 0,
    "amountMin": 1,
    "weight": 1.0
  },
  {
    "shortname": "rifle.bolt",
    "amount": 1,
    "skin": 0,
    "amountMin": 1,
    "weight": 1.0
  },
  {
    "shortname": "cctv.camera",
    "amount": 12,
    "skin": 0,
    "amountMin": 4,
    "weight": 1.0
  },
  {
    "shortname": "ceilinglight",
    "amount": 4,
    "skin": 0,
    "amountMin": 1,
    "weight": 1.0
  },
  {
    "shortname": "chainsaw",
    "amount": 1,
    "skin": 0,
    "amountMin": 1,
    "weight": 1.0
  },
  {
    "shortname": "charcoal",
    "amount": 40000,
    "skin": 0,
    "amountMin": 20000,
    "weight": 1.0
  },
  {
    "shortname": "clatter.helmet",
    "amount": 1,
    "skin": 0,
    "amountMin": 1,
    "weight": 1.0
  },
  {
    "shortname": "cloth",
    "amount": 1500,
    "skin": 0,
    "amountMin": 500,
    "weight": 1.0
  },
  {
    "shortname": "coffeecan.helmet",
    "amount": 1,
    "skin": 0,
    "amountMin": 1,
    "weight": 1.0
  },
  {
    "shortname": "composter",
    "amount": 1,
    "skin": 0,
    "amountMin": 1,
    "weight": 1.0
  },
  {
    "shortname": "computerstation",
    "amount": 1,
    "skin": 0,
    "amountMin": 1,
    "weight": 1.0
  },
  {
    "shortname": "crude.oil",
    "amount": 20,
    "skin": 0,
    "amountMin": 5,
    "weight": 1.0
  },
  {
    "shortname": "door.closer",
    "amount": 2,
    "skin": 0,
    "amountMin": 1,
    "weight": 1.0
  },
  {
    "shortname": "electric.doorcontroller",
    "amount": 1,
    "skin": 0,
    "amountMin": 1,
    "weight": 1.0
  },
  {
    "shortname": "electrical.branch",
    "amount": 1,
    "skin": 0,
    "amountMin": 1,
    "weight": 1.0
  },
  {
    "shortname": "propanetank",
    "amount": 50,
    "skin": 0,
    "amountMin": 10,
    "weight": 1.0
  },
  {
    "shortname": "explosives",
    "amount": 700,
    "skin": 0,
    "amountMin": 100,
    "weight": 1.0
  },
  {
    "shortname": "grenade.f1",
    "amount": 70,
    "skin": 0,
    "amountMin": 5,
    "weight": 1.0
  },
  {
    "shortname": "flamethrower",
    "amount": 1,
    "skin": 0,
    "amountMin": 1,
    "weight": 1.0
  },
  {
    "shortname": "flameturret",
    "amount": 2,
    "skin": 0,
    "amountMin": 1,
    "weight": 1.0
  },
  {
    "shortname": "fluid.splitter",
    "amount": 1,
    "skin": 0,
    "amountMin": 1,
    "weight": 1.0
  },
  {
    "shortname": "fluid.switch",
    "amount": 1,
    "skin": 0,
    "amountMin": 1,
    "weight": 1.0
  },
  {
    "shortname": "fridge",
    "amount": 1,
    "skin": 0,
    "amountMin": 1,
    "weight": 1.0
  },
  {
    "shortname": "wall.frame.garagedoor",
    "amount": 1,
    "skin": 0,
    "amountMin": 1,
    "weight": 1.0
  },
  {
    "shortname": "gears",
    "amount": 30,
    "skin": 0,
    "amountMin": 5,
    "weight": 1.0
  },
  {
    "shortname": "gunpowder",
    "amount": 50000,
    "skin": 0,
    "amountMin": 10000,
    "weight": 1.0
  },
  {
    "shortname": "hazmatsuit",
    "amount": 1,
    "skin": 0,
    "amountMin": 1,
    "weight": 1.0
  },
  {
    "shortname": "electric.hbhfsensor",
    "amount": 1,
    "skin": 0,
    "amountMin": 1,
    "weight": 1.0
  },
  {
    "shortname": "scientistsuit_heavy",
    "amount": 1,
    "skin": 0,
    "amountMin": 1,
    "weight": 1.0
  },
  {
    "shortname": "gates.external.high.stone",
    "amount": 1,
    "skin": 0,
    "amountMin": 1,
    "weight": 1.0
  },
  {
    "shortname": "wall.external.high.stone",
    "amount": 6,
    "skin": 0,
    "amountMin": 2,
    "weight": 1.0
  },
  {
    "shortname": "horse.shoes.advanced",
    "amount": 1,
    "skin": 0,
    "amountMin": 1,
    "weight": 1.0
  },
  {
    "shortname": "hq.metal.ore",
    "amount": 3000,
    "skin": 0,
    "amountMin": 1000,
    "weight": 1.0
  },
  {
    "shortname": "ammo.rocket.hv",
    "amount": 45,
    "skin": 0,
    "amountMin": 5,
    "weight": 1.0
  },
  {
    "shortname": "weapon.mod.holosight",
    "amount": 1,
    "skin": 0,
    "amountMin": 1,
    "weight": 1.0
  },
  {
    "shortname": "jackhammer",
    "amount": 1,
    "skin": 0,
    "amountMin": 1,
    "weight": 1.0
  },
  {
    "shortname": "rifle.l96",
    "amount": 1,
    "skin": 0,
    "amountMin": 1,
    "weight": 1.0
  },
  {
    "shortname": "floor.ladder.hatch",
    "amount": 1,
    "skin": 0,
    "amountMin": 1,
    "weight": 1.0
  },
  {
    "shortname": "furnace.large",
    "amount": 1,
    "skin": 0,
    "amountMin": 1,
    "weight": 1.0
  },
  {
    "shortname": "largemedkit",
    "amount": 50,
    "skin": 0,
    "amountMin": 5,
    "weight": 1.0
  },
  {
    "shortname": "electric.battery.rechargable.large",
    "amount": 1,
    "skin": 0,
    "amountMin": 1,
    "weight": 1.0
  },
  {
    "shortname": "electric.solarpanel.large",
    "amount": 4,
    "skin": 0,
    "amountMin": 1,
    "weight": 1.0
  },
  {
    "shortname": "electric.laserdetector",
    "amount": 1,
    "skin": 0,
    "amountMin": 1,
    "weight": 1.0
  },
  {
    "shortname": "leather",
    "amount": 1500,
    "skin": 0,
    "amountMin": 100,
    "weight": 1.0
  },
  {
    "shortname": "locker",
    "amount": 1,
    "skin": 0,
    "amountMin": 1,
    "weight": 1.0
  },
  {
    "shortname": "rifle.m39",
    "amount": 1,
    "skin": 0,
    "amountMin": 1,
    "weight": 1.0
  },
  {
    "shortname": "pistol.m92",
    "amount": 1,
    "skin": 0,
    "amountMin": 1,
    "weight": 1.0
  },
  {
    "shortname": "syringe.medical",
    "amount": 75,
    "skin": 0,
    "amountMin": 10,
    "weight": 1.0
  },
  {
    "shortname": "metal.fragments",
    "amount": 40000,
    "skin": 0,
    "amountMin": 20000,
    "weight": 1.0
  },
  {
    "shortname": "metal.ore",
    "amount": 40000,
    "skin": 0,
    "amountMin": 20000,
    "weight": 1.0
  },
  {
    "shortname": "metalpipe",
    "amount": 20,
    "skin": 0,
    "amountMin": 10,
    "weight": 1.0
  },
  {
    "shortname": "metalspring",
    "amount": 15,
    "skin": 0,
    "amountMin": 5,
    "weight": 1.0
  },
  {
    "shortname": "weapon.mod.muzzleboost",
    "amount": 1,
    "skin": 0,
    "amountMin": 1,
    "weight": 1.0
  },
  {
    "shortname": "pants",
    "amount": 1,
    "skin": 0,
    "amountMin": 1,
    "weight": 1.0
  },
  {
    "shortname": "wall.window.glass.reinforced",
    "amount": 3,
    "skin": 0,
    "amountMin": 1,
    "weight": 1.0
  },
  {
    "shortname": "wall.window.bars.toptier",
    "amount": 2,
    "skin": 0,
    "amountMin": 1,
    "weight": 1.0
  },
  {
    "shortname": "riflebody",
    "amount": 4,
    "skin": 0,
    "amountMin": 2,
    "weight": 1.0
  },
  {
    "shortname": "roadsign.jacket",
    "amount": 1,
    "skin": 0,
    "amountMin": 1,
    "weight": 1.0
  },
  {
    "shortname": "roadsign.kilt",
    "amount": 1,
    "skin": 0,
    "amountMin": 1,
    "weight": 1.0
  },
  {
    "shortname": "roadsign.gloves",
    "amount": 1,
    "skin": 0,
    "amountMin": 1,
    "weight": 1.0
  },
  {
    "shortname": "rope",
    "amount": 50,
    "skin": 0,
    "amountMin": 10,
    "weight": 1.0
  },
  {
    "shortname": "axe.salvaged",
    "amount": 1,
    "skin": 0,
    "amountMin": 1,
    "weight": 1.0
  },
  {
    "shortname": "icepick.salvaged",
    "amount": 1,
    "skin": 0,
    "amountMin": 1,
    "weight": 1.0
  },
  {
    "shortname": "samsite",
    "amount": 1,
    "skin": 0,
    "amountMin": 1,
    "weight": 1.0
  },
  {
    "shortname": "semibody",
    "amount": 10,
    "skin": 0,
    "amountMin": 2,
    "weight": 1.0
  },
  {
    "shortname": "sewingkit",
    "amount": 20,
    "skin": 0,
    "amountMin": 10,
    "weight": 1.0
  },
  {
    "shortname": "sheetmetal",
    "amount": 30,
    "skin": 0,
    "amountMin": 10,
    "weight": 1.0
  },
  {
    "shortname": "guntrap",
    "amount": 6,
    "skin": 0,
    "amountMin": 2,
    "weight": 1.0
  },
  {
    "shortname": "weapon.mod.silencer",
    "amount": 1,
    "skin": 0,
    "amountMin": 1,
    "weight": 1.0
  },
  {
    "shortname": "electric.simplelight",
    "amount": 4,
    "skin": 0,
    "amountMin": 2,
    "weight": 1.0
  },
  {
    "shortname": "electric.fuelgenerator.small",
    "amount": 1,
    "skin": 0,
    "amountMin": 1,
    "weight": 1.0
  },
  {
    "shortname": "small.oil.refinery",
    "amount": 1,
    "skin": 0,
    "amountMin": 1,
    "weight": 1.0
  },
  {
    "shortname": "electric.battery.rechargable.small",
    "amount": 1,
    "skin": 0,
    "amountMin": 1,
    "weight": 1.0
  },
  {
    "shortname": "smgbody",
    "amount": 6,
    "skin": 0,
    "amountMin": 2,
    "weight": 1.0
  },
  {
    "shortname": "electric.splitter",
    "amount": 1,
    "skin": 0,
    "amountMin": 1,
    "weight": 1.0
  },
  {
    "shortname": "electric.sprinkler",
    "amount": 1,
    "skin": 0,
    "amountMin": 1,
    "weight": 1.0
  },
  {
    "shortname": "stones",
    "amount": 50000,
    "skin": 0,
    "amountMin": 20000,
    "weight": 1.0
  },
  {
    "shortname": "sulfur",
    "amount": 50000,
    "skin": 0,
    "amountMin": 20000,
    "weight": 1.0
  },
  {
    "shortname": "sulfur.ore",
    "amount": 1000,
    "skin": 0,
    "amountMin": 50,
    "weight": 1.0
  },
  {
    "shortname": "tactical.gloves",
    "amount": 1,
    "skin": 0,
    "amountMin": 1,
    "weight": 1.0
  },
  {
    "shortname": "techparts",
    "amount": 16,
    "skin": 0,
    "amountMin": 4,
    "weight": 1.0
  },
  {
    "shortname": "wood",
    "amount": 75000,
    "skin": 0,
    "amountMin": 25000,
    "weight": 1.0
  },
  {
    "shortname": "workbench3",
    "amount": 1,
    "skin": 0,
    "amountMin": 1,
    "weight": 1.0
  },
  {
    "shortname": "ammo.grenadelauncher.he",
    "amount": 48,
    "skin": 0,
    "amountMin": 24,
    "weight": 1.0
  },
  {
    "shortname": "ammo.pistol.hv",
    "amount": 512,
    "skin": 0,
    "amountMin": 512,
    "weight": 1.0
  },
  {
    "shortname": "ammo.rifle.explosive",
    "amount": 512,
    "skin": 0,
    "amountMin": 512,
    "weight": 1.0
  },
  {
    "shortname": "ammo.rocket.basic",
    "amount": 100,
    "skin": 0,
    "amountMin": 50,
    "weight": 1.0
  },
  {
    "shortname": "ammo.rocket.fire",
    "amount": 100,
    "skin": 0,
    "amountMin": 50,
    "weight": 1.0
  },
  {
    "shortname": "barricade.metal",
    "amount": 2,
    "skin": 0,
    "amountMin": 1,
    "weight": 1.0
  },
  {
    "shortname": "bbq",
    "amount": 1,
    "skin": 0,
    "amountMin": 1,
    "weight": 1.0
  },
  {
    "shortname": "blueberries",
    "amount": 120,
    "skin": 0,
    "amountMin": 80,
    "weight": 1.0
  },
  {
    "shortname": "box.repair.bench",
    "amount": 1,
    "skin": 0,
    "amountMin": 1,
    "weight": 1.0
  },
  {
    "shortname": "carburetor3",
    "amount": 1,
    "skin": 0,
    "amountMin": 1,
    "weight": 1.0
  },
  {
    "shortname": "crankshaft3",
    "amount": 1,
    "skin": 0,
    "amountMin": 1,
    "weight": 1.0
  },
  {
    "shortname": "easter.goldegg",
    "amount": 1,
    "skin": 0,
    "amountMin": 1,
    "weight": 1.0
  },
  {
    "shortname": "electric.andswitch",
    "amount": 1,
    "skin": 0,
    "amountMin": 1,
    "weight": 1.0
  },
  {
    "shortname": "electric.audioalarm",
    "amount": 1,
    "skin": 0,
    "amountMin": 1,
    "weight": 1.0
  },
  {
    "shortname": "electric.battery.rechargable.medium",
    "amount": 1,
    "skin": 0,
    "amountMin": 1,
    "weight": 1.0
  },
  {
    "shortname": "electric.button",
    "amount": 1,
    "skin": 0,
    "amountMin": 1,
    "weight": 1.0
  },
  {
    "shortname": "electric.cabletunnel",
    "amount": 1,
    "skin": 0,
    "amountMin": 1,
    "weight": 1.0
  },
  {
    "shortname": "electric.counter",
    "amount": 1,
    "skin": 0,
    "amountMin": 1,
    "weight": 1.0
  },
  {
    "shortname": "electric.flasherlight",
    "amount": 1,
    "skin": 0,
    "amountMin": 1,
    "weight": 1.0
  },
  {
    "shortname": "electric.heater",
    "amount": 1,
    "skin": 0,
    "amountMin": 1,
    "weight": 1.0
  },
  {
    "shortname": "electric.igniter",
    "amount": 1,
    "skin": 0,
    "amountMin": 1,
    "weight": 1.0
  },
  {
    "shortname": "electric.orswitch",
    "amount": 1,
    "skin": 0,
    "amountMin": 1,
    "weight": 1.0
  },
  {
    "shortname": "electric.pressurepad",
    "amount": 1,
    "skin": 0,
    "amountMin": 1,
    "weight": 1.0
  },
  {
    "shortname": "electric.random.switch",
    "amount": 1,
    "skin": 0,
    "amountMin": 1,
    "weight": 1.0
  },
  {
    "shortname": "electric.rf.broadcaster",
    "amount": 1,
    "skin": 0,
    "amountMin": 1,
    "weight": 1.0
  },
  {
    "shortname": "electric.rf.receiver",
    "amount": 1,
    "skin": 0,
    "amountMin": 1,
    "weight": 1.0
  },
  {
    "shortname": "electric.sirenlight",
    "amount": 1,
    "skin": 0,
    "amountMin": 1,
    "weight": 1.0
  },
  {
    "shortname": "electric.switch",
    "amount": 1,
    "skin": 0,
    "amountMin": 1,
    "weight": 1.0
  },
  {
    "shortname": "electric.teslacoil",
    "amount": 1,
    "skin": 0,
    "amountMin": 1,
    "weight": 1.0
  },
  {
    "shortname": "electric.timer",
    "amount": 1,
    "skin": 0,
    "amountMin": 1,
    "weight": 1.0
  },
  {
    "shortname": "electric.xorswitch",
    "amount": 1,
    "skin": 0,
    "amountMin": 1,
    "weight": 1.0
  },
  {
    "shortname": "electrical.combiner",
    "amount": 1,
    "skin": 0,
    "amountMin": 1,
    "weight": 1.0
  },
  {
    "shortname": "electrical.memorycell",
    "amount": 1,
    "skin": 0,
    "amountMin": 1,
    "weight": 1.0
  },
  {
    "shortname": "elevator",
    "amount": 1,
    "skin": 0,
    "amountMin": 1,
    "weight": 1.0
  },
  {
    "shortname": "explosive.satchel",
    "amount": 50,
    "skin": 0,
    "amountMin": 30,
    "weight": 1.0
  },
  {
    "shortname": "explosive.timed",
    "amount": 100,
    "skin": 0,
    "amountMin": 50,
    "weight": 1.0
  },
  {
    "shortname": "generator.wind.scrap",
    "amount": 3,
    "skin": 0,
    "amountMin": 1,
    "weight": 1.0
  },
  {
    "shortname": "halloween.lootbag.large",
    "amount": 1,
    "skin": 0,
    "amountMin": 1,
    "weight": 1.0
  },
  {
    "shortname": "hazmatsuit.spacesuit",
    "amount": 1,
    "skin": 0,
    "amountMin": 1,
    "weight": 1.0
  },
  {
    "shortname": "horse.armor.roadsign",
    "amount": 1,
    "skin": 0,
    "amountMin": 1,
    "weight": 1.0
  },
  {
    "shortname": "horsedung",
    "amount": 10,
    "skin": 0,
    "amountMin": 4,
    "weight": 1.0
  },
  {
    "shortname": "keycard_red",
    "amount": 1,
    "skin": 0,
    "amountMin": 1,
    "weight": 1.0
  },
  {
    "shortname": "ladder.wooden.wall",
    "amount": 10,
    "skin": 0,
    "amountMin": 4,
    "weight": 1.0
  },
  {
    "shortname": "lmg.m249",
    "amount": 1,
    "skin": 0,
    "amountMin": 1,
    "weight": 1.0
  },
  {
    "shortname": "lowgradefuel",
    "amount": 2000,
    "skin": 0,
    "amountMin": 1500,
    "weight": 1.0
  },
  {
    "shortname": "mailbox",
    "amount": 1,
    "skin": 0,
    "amountMin": 1,
    "weight": 1.0
  },
  {
    "shortname": "mixingtable",
    "amount": 1,
    "skin": 0,
    "amountMin": 1,
    "weight": 1.0
  },
  {
    "shortname": "piston3",
    "amount": 1,
    "skin": 0,
    "amountMin": 1,
    "weight": 1.0
  },
  {
    "shortname": "planter.large",
    "amount": 1,
    "skin": 0,
    "amountMin": 1,
    "weight": 1.0
  },
  {
    "shortname": "powered.water.purifier",
    "amount": 1,
    "skin": 0,
    "amountMin": 1,
    "weight": 1.0
  },
  {
    "shortname": "radiationremovetea.advanced",
    "amount": 1,
    "skin": 0,
    "amountMin": 1,
    "weight": 1.0
  },
  {
    "shortname": "radiationresisttea.advanced",
    "amount": 1,
    "skin": 0,
    "amountMin": 1,
    "weight": 1.0
  },
  {
    "shortname": "rf.detonator",
    "amount": 1,
    "skin": 0,
    "amountMin": 1,
    "weight": 1.0
  },
  {
    "shortname": "rf_pager",
    "amount": 1,
    "skin": 0,
    "amountMin": 1,
    "weight": 1.0
  },
  {
    "shortname": "rocket.launcher",
    "amount": 1,
    "skin": 0,
    "amountMin": 1,
    "weight": 1.0
  },
  {
    "shortname": "rustige_egg_a",
    "amount": 1,
    "skin": 0,
    "amountMin": 1,
    "weight": 1.0
  },
  {
    "shortname": "rustige_egg_b",
    "amount": 1,
    "skin": 0,
    "amountMin": 1,
    "weight": 1.0
  },
  {
    "shortname": "rustige_egg_c",
    "amount": 1,
    "skin": 0,
    "amountMin": 1,
    "weight": 1.0
  },
  {
    "shortname": "rustige_egg_d",
    "amount": 1,
    "skin": 0,
    "amountMin": 1,
    "weight": 1.0
  },
  {
    "shortname": "scraptea.advanced",
    "amount": 1,
    "skin": 0,
    "amountMin": 1,
    "weight": 1.0
  },
  {
    "shortname": "shutter.metal.embrasure.a",
    "amount": 1,
    "skin": 0,
    "amountMin": 1,
    "weight": 1.0
  },
  {
    "shortname": "shutter.metal.embrasure.b",
    "amount": 1,
    "skin": 0,
    "amountMin": 1,
    "weight": 1.0
  },
  {
    "shortname": "sign.neon.125x125",
    "amount": 2,
    "skin": 0,
    "amountMin": 1,
    "weight": 1.0
  },
  {
    "shortname": "sign.neon.125x215",
    "amount": 2,
    "skin": 0,
    "amountMin": 1,
    "weight": 1.0
  },
  {
    "shortname": "sign.neon.125x215.animated",
    "amount": 2,
    "skin": 0,
    "amountMin": 1,
    "weight": 1.0
  },
  {
    "shortname": "sign.neon.xl",
    "amount": 2,
    "skin": 0,
    "amountMin": 1,
    "weight": 1.0
  },
  {
    "shortname": "sign.neon.xl.animated",
    "amount": 2,
    "skin": 0,
    "amountMin": 1,
    "weight": 1.0
  },
  {
    "shortname": "skull_fire_pit",
    "amount": 1,
    "skin": 0,
    "amountMin": 1,
    "weight": 1.0
  },
  {
    "shortname": "skullspikes",
    "amount": 1,
    "skin": 0,
    "amountMin": 1,
    "weight": 1.0
  },
  {
    "shortname": "sleepingbag",
    "amount": 1,
    "skin": 0,
    "amountMin": 1,
    "weight": 1.0
  },
  {
    "shortname": "smart.alarm",
    "amount": 1,
    "skin": 0,
    "amountMin": 1,
    "weight": 1.0
  },
  {
    "shortname": "smart.switch",
    "amount": 1,
    "skin": 0,
    "amountMin": 1,
    "weight": 1.0
  },
  {
    "shortname": "snowball",
    "amount": 2,
    "skin": 0,
    "amountMin": 2,
    "weight": 1.0
  },
  {
    "shortname": "snowballgun",
    "amount": 1,
    "skin": 0,
    "amountMin": 1,
    "weight": 1.0
  },
  {
    "shortname": "sofa",
    "amount": 1,
    "skin": 0,
    "amountMin": 1,
    "weight": 1.0
  },
  {
    "shortname": "sparkplug3",
    "amount": 1,
    "skin": 0,
    "amountMin": 1,
    "weight": 1.0
  },
  {
    "shortname": "telephone",
    "amount": 1,
    "skin": 0,
    "amountMin": 1,
    "weight": 1.0
  },
  {
    "shortname": "toolgun",
    "amount": 1,
    "skin": 0,
    "amountMin": 1,
    "weight": 1.0
  },
  {
    "shortname": "twitch.headset",
    "amount": 1,
    "skin": 0,
    "amountMin": 1,
    "weight": 1.0
  },
  {
    "shortname": "valve3",
    "amount": 1,
    "skin": 0,
    "amountMin": 1,
    "weight": 1.0
  },
  {
    "shortname": "vehicle.1mod.cockpit",
    "amount": 1,
    "skin": 0,
    "amountMin": 1,
    "weight": 1.0
  },
  {
    "shortname": "vehicle.1mod.cockpit.armored",
    "amount": 1,
    "skin": 0,
    "amountMin": 1,
    "weight": 1.0
  },
  {
    "shortname": "vehicle.1mod.cockpit.with.engine",
    "amount": 1,
    "skin": 0,
    "amountMin": 1,
    "weight": 1.0
  },
  {
    "shortname": "vehicle.1mod.engine",
    "amount": 1,
    "skin": 0,
    "amountMin": 1,
    "weight": 1.0
  },
  {
    "shortname": "vehicle.1mod.flatbed",
    "amount": 1,
    "skin": 0,
    "amountMin": 1,
    "weight": 1.0
  },
  {
    "shortname": "vehicle.1mod.passengers.armored",
    "amount": 1,
    "skin": 0,
    "amountMin": 1,
    "weight": 1.0
  },
  {
    "shortname": "vehicle.1mod.rear.seats",
    "amount": 1,
    "skin": 0,
    "amountMin": 1,
    "weight": 1.0
  },
  {
    "shortname": "vehicle.1mod.storage",
    "amount": 1,
    "skin": 0,
    "amountMin": 1,
    "weight": 1.0
  },
  {
    "shortname": "vehicle.1mod.taxi",
    "amount": 1,
    "skin": 0,
    "amountMin": 1,
    "weight": 1.0
  },
  {
    "shortname": "vehicle.2mod.flatbed",
    "amount": 1,
    "skin": 0,
    "amountMin": 1,
    "weight": 1.0
  },
  {
    "shortname": "vehicle.2mod.fuel.tank",
    "amount": 1,
    "skin": 0,
    "amountMin": 1,
    "weight": 1.0
  },
  {
    "shortname": "vehicle.2mod.passengers",
    "amount": 1,
    "skin": 0,
    "amountMin": 1,
    "weight": 1.0
  },
  {
    "shortname": "vehicle.chassis",
    "amount": 1,
    "skin": 0,
    "amountMin": 1,
    "weight": 1.0
  },
  {
    "shortname": "vehicle.chassis.2mod",
    "amount": 1,
    "skin": 0,
    "amountMin": 1,
    "weight": 1.0
  },
  {
    "shortname": "vehicle.chassis.3mod",
    "amount": 1,
    "skin": 0,
    "amountMin": 1,
    "weight": 1.0
  },
  {
    "shortname": "vehicle.chassis.4mod",
    "amount": 1,
    "skin": 0,
    "amountMin": 1,
    "weight": 1.0
  },
  {
    "shortname": "vehicle.module",
    "amount": 1,
    "skin": 0,
    "amountMin": 1,
    "weight": 1.0
  },
  {
    "shortname": "vending.machine",
    "amount": 1,
    "skin": 0,
    "amountMin": 1,
    "weight": 1.0
  },
  {
    "shortname": "water.barrel",
    "amount": 1,
    "skin": 0,
    "amountMin": 1,
    "weight": 1.0
  },
  {
    "shortname": "water.catcher.large",
    "amount": 1,
    "skin": 0,
    "amountMin": 1,
    "weight": 1.0
  },
  {
    "shortname": "water.purifier",
    "amount": 1,
    "skin": 0,
    "amountMin": 1,
    "weight": 1.0
  },
  {
    "shortname": "waterpump",
    "amount": 1,
    "skin": 0,
    "amountMin": 1,
    "weight": 1.0
  },
  {
    "shortname": "weapon.mod.8x.scope",
    "amount": 1,
    "skin": 0,
    "amountMin": 1,
    "weight": 1.0
  },
  {
    "shortname": "weapon.mod.lasersight",
    "amount": 1,
    "skin": 0,
    "amountMin": 1,
    "weight": 1.0
  },
  {
    "shortname": "xmas.present.large",
    "amount": 1,
    "skin": 0,
    "amountMin": 1,
    "weight": 1.0
  }
]